module_name,variable_name,likely_role,variable_style,occurrence_count,source_areas,source_files,first_seen_file,first_seen_line,extraction_types,notes
assets,active_assets,output_contract_field,snake_case,11,hooks | lib,hooks\cost-allocation\useCostAllocationAssetOverlay.js | hooks\useAssets.js | hooks\useCostAllocation.js | hooks\useCostSummary.js | lib\reconciliation\reconciliationRules.js,hooks\cost-allocation\useCostAllocationAssetOverlay.js,32,declaration | object_key | snake_case_reference,multiple_roles_detected | appears_in_multiple_files | downstream_contract_candidate
assets,asset_detail,output_contract_field,snake_case,1,hooks,hooks\useCostSummary.js,hooks\useCostSummary.js,48,object_key,downstream_contract_candidate
assets,asset_finance_benchmark_total,output_contract_field,snake_case,1,lib,lib\reconciliation\reconciliationRules.js,lib\reconciliation\reconciliationRules.js,219,declaration,downstream_contract_candidate
assets,asset_interest_annual,output_contract_field,snake_case,3,hooks | lib,hooks\useAssets.js | lib\reconciliation\reconciliationRules.js,hooks\useAssets.js,378,object_key | snake_case_reference,multiple_roles_detected | appears_in_multiple_files | downstream_contract_candidate
assets,asset_operator,output_contract_field,snake_case,1,lib,lib\selectors\quickStartSelectors.js,lib\selectors\quickStartSelectors.js,48,snake_case_reference,downstream_contract_candidate
assets,asset_output_contract,output_contract_field,snake_case,68,hooks | lib,hooks\cost-allocation\useCostAllocationAssetOverlay.js | hooks\useCostAllocation.js | hooks\useCostSummary.js | lib\reconciliation\moduleReconciliation.js | lib\reconciliation\reconciliationRules.js,hooks\cost-allocation\useCostAllocationAssetOverlay.js,29,declaration | object_key | snake_case_reference,appears_in_multiple_files | downstream_contract_candidate
assets,asset_outputs,output_contract_field,snake_case,1,hooks,hooks\useRecoverySummary.js,hooks\useRecoverySummary.js,30,declaration,downstream_contract_candidate
assets,asset_overhead_pool_assignment_summary,output_contract_field,snake_case,4,hooks,hooks\useAssets.js | hooks\useCostSummary.js,hooks\useAssets.js,599,object_key | snake_case_reference,multiple_roles_detected | appears_in_multiple_files | downstream_contract_candidate
assets,asset_overhead_pools,output_contract_field,snake_case,6,components | hooks,components\general-overheads\GeneralOverheadSummaryCard.jsx | hooks\useAssets.js | hooks\useGeneralOverheads.js,components\general-overheads\GeneralOverheadSummaryCard.jsx,179,declaration | object_key | snake_case_reference,multiple_roles_detected | appears_in_multiple_files | downstream_contract_candidate
assets,asset_recovery_overlay,output_contract_field,snake_case,1,hooks,hooks\useCostAllocation.js,hooks\useCostAllocation.js,87,declaration,downstream_contract_candidate
assets,asset_related_unassigned_cost,output_contract_field,snake_case,6,hooks,hooks\useAssets.js | hooks\useCostSummary.js | hooks\useGeneralOverheads.js,hooks\useAssets.js,639,object_key | snake_case_reference,multiple_roles_detected | appears_in_multiple_files | downstream_contract_candidate
assets,asset_review_required,output_contract_field,snake_case,4,hooks,hooks\useAssets.js | hooks\useCostSummary.js | hooks\useGeneralOverheads.js,hooks\useAssets.js,639,object_key | warning_id,multiple_roles_detected | appears_in_multiple_files | downstream_contract_candidate
assets,asset_status,output_contract_field,snake_case,9,components | lib,components\assets\AssetForm.jsx | lib\reconciliation\moduleReconciliation.js | lib\reconciliation\reconciliationRules.js,components\assets\AssetForm.jsx,46,declaration | snake_case_reference,multiple_roles_detected | appears_in_multiple_files | downstream_contract_candidate
assets,assets,output_contract_field,plain,11,app | components | hooks,app\cost-summary\page.jsx | components\business-summary\BusinessSummaryCard.jsx | components\business-summary\BusinessSummaryHierarchyBuilder.js | components\business-summary\BusinessSummaryMacroPositionCard.jsx | hooks\useAssets.js | hooks\useBusinessSummary.js | hooks\useCostSummary.js | hooks\useQuoteEngine.js | hooks\useRecoverySummary.js,app\cost-summary\page.jsx,16,object_key,multiple_roles_detected | appears_in_multiple_files | downstream_contract_candidate
assets,assets_benchmark_total,output_contract_field,snake_case,7,hooks | lib,hooks\useAssets.js | lib\reconciliation\reconciliationRules.js | lib\selectors\assetSelectors.js | lib\storage\assetStorage.js,hooks\useAssets.js,209,declaration | object_key | snake_case_reference,multiple_roles_detected | appears_in_multiple_files | downstream_contract_candidate
assets,assets_output,output_contract_field,snake_case,1,components,components\model-readiness\ModelReadinessAuditPanel.jsx,components\model-readiness\ModelReadinessAuditPanel.jsx,40,declaration,downstream_contract_candidate
assets,assets_ready,output_contract_field,snake_case,20,app | hooks | lib,app\dev\model-readiness\page.jsx | app\model-readiness\page.jsx | hooks\useAssets.js | lib\calculations\assetCalculations.js | lib\reconciliation\reconciliationRules.js | lib\selectors\assetSelectors.js,app\dev\model-readiness\page.jsx,80,declaration | object_key | snake_case_reference,multiple_roles_detected | appears_in_multiple_files | downstream_contract_candidate
assets,assigned_asset_overhead_cost,output_contract_field,snake_case,4,hooks,hooks\useCostSummary.js,hooks\useCostSummary.js,26,declaration | snake_case_reference,downstream_contract_candidate
assets,assigned_asset_overhead_cost_annual,output_contract_field,snake_case,5,hooks,hooks\useCostSummary.js,hooks\useCostSummary.js,45,object_key,multiple_roles_detected | downstream_contract_candidate
assets,base_asset_cost_annual,output_contract_field,snake_case,4,hooks,hooks\cost-allocation\useCostAllocationAssetOverlay.js | hooks\useCostSummary.js,hooks\cost-allocation\useCostAllocationAssetOverlay.js,94,object_key,multiple_roles_detected | appears_in_multiple_files | downstream_contract_candidate
assets,build_asset_recovery_overlay,output_contract_field,snake_case,2,hooks,hooks\cost-allocation\useCostAllocationAssetOverlay.js,hooks\cost-allocation\useCostAllocationAssetOverlay.js,28,snake_case_reference,downstream_contract_candidate
assets,default_recovery_hours,output_contract_field,snake_case,1,hooks,hooks\cost-allocation\useCostAllocationAssetOverlay.js,hooks\cost-allocation\useCostAllocationAssetOverlay.js,33,declaration,downstream_contract_candidate
assets,excluded_asset_finance_interest_total,output_contract_field,snake_case,1,lib,lib\reconciliation\reconciliationRules.js,lib\reconciliation\reconciliationRules.js,221,snake_case_reference,downstream_contract_candidate
assets,general_overheads,output_contract_field,snake_case,3,hooks,hooks\useAssets.js,hooks\useAssets.js,203,declaration | snake_case_reference,downstream_contract_candidate
assets,has_productive_asset_recovery_base,output_contract_field,snake_case,24,hooks | lib,hooks\cost-allocation\useCostAllocationOutputContract.js | hooks\useAssets.js | hooks\useBusinessSummary.js | hooks\useCostSummary.js | lib\calculations\cost-allocation\costAllocationInputBuilder.js | lib\calculations\recoverySummaryCalculations.js | lib\selectors\recoverySummarySelectors.js,hooks\cost-allocation\useCostAllocationOutputContract.js,40,declaration | object_key | snake_case_reference,multiple_roles_detected | appears_in_multiple_files | downstream_contract_candidate
assets,live_assets,output_contract_field,snake_case,1,hooks,hooks\useAssets.js,hooks\useAssets.js,419,declaration,downstream_contract_candidate
assets,no_active_assets_confirmed,output_contract_field,snake_case,9,hooks | lib,hooks\useAssets.js | lib\reconciliation\reconciliationRules.js | lib\selectors\assetSelectors.js | lib\storage\assetStorage.js,hooks\useAssets.js,611,declaration | object_key | snake_case_reference,multiple_roles_detected | appears_in_multiple_files | downstream_contract_candidate
assets,output_contract,output_contract_field,snake_case,5,hooks,hooks\useAssets.js,hooks\useAssets.js,202,output_contract_reference,downstream_contract_candidate
assets,productive_asset_cost,output_contract_field,snake_case,11,hooks,hooks\cost-allocation\useCostAllocationAssetOverlay.js | hooks\useBusinessSummary.js | hooks\useCostAllocation.js | hooks\useCostSummary.js,hooks\cost-allocation\useCostAllocationAssetOverlay.js,174,object_key | snake_case_reference,multiple_roles_detected | appears_in_multiple_files | downstream_contract_candidate
assets,productive_asset_count,output_contract_field,snake_case,8,hooks,hooks\useAssets.js | hooks\useBusinessSummary.js | hooks\useCostSummary.js,hooks\useAssets.js,614,object_key | snake_case_reference,multiple_roles_detected | appears_in_multiple_files | downstream_contract_candidate
assets,productive_asset_recovery_cost_annual,output_contract_field,snake_case,4,hooks,hooks\useCostSummary.js,hooks\useCostSummary.js,141,object_key | snake_case_reference,downstream_contract_candidate
assets,recovery_hours_used,output_contract_field,snake_case,5,hooks,hooks\cost-allocation\useCostAllocationAssetOverlay.js,hooks\cost-allocation\useCostAllocationAssetOverlay.js,30,snake_case_reference,downstream_contract_candidate
assets,safe_array,output_contract_field,snake_case,1,hooks,hooks\cost-allocation\useCostAllocationAssetOverlay.js,hooks\cost-allocation\useCostAllocationAssetOverlay.js,32,snake_case_reference,downstream_contract_candidate
assets,safe_number,output_contract_field,snake_case,1,hooks,hooks\cost-allocation\useCostAllocationAssetOverlay.js,hooks\cost-allocation\useCostAllocationAssetOverlay.js,33,snake_case_reference,downstream_contract_candidate
assets,saved_assets,output_contract_field,snake_case,2,hooks | lib,hooks\useAssets.js | lib\selectors\assetSelectors.js,hooks\useAssets.js,419,snake_case_reference,multiple_roles_detected | appears_in_multiple_files | downstream_contract_candidate
assets,support_asset_cost,output_contract_field,snake_case,9,hooks,hooks\cost-allocation\useCostAllocationAssetOverlay.js | hooks\useBusinessSummary.js | hooks\useCostAllocation.js | hooks\useCostSummary.js,hooks\cost-allocation\useCostAllocationAssetOverlay.js,175,object_key | snake_case_reference,multiple_roles_detected | appears_in_multiple_files | downstream_contract_candidate
assets,support_asset_count,output_contract_field,snake_case,8,hooks,hooks\useAssets.js | hooks\useBusinessSummary.js | hooks\useCostSummary.js,hooks\useAssets.js,615,object_key | snake_case_reference,multiple_roles_detected | appears_in_multiple_files | downstream_contract_candidate
assets,total_allocated_asset_overhead_cost_annual,output_contract_field,snake_case,1,hooks,hooks\useCostSummary.js,hooks\useCostSummary.js,27,snake_case_reference,downstream_contract_candidate
assets,total_asset_cost_annual,output_contract_field,snake_case,21,hooks | lib,hooks\useAssets.js | hooks\useBusinessSummary.js | hooks\useCostSummary.js | lib\audit\buildLiveAuditSnapshotExport.js | lib\calculations\quoteEngineCalculations.js | lib\reconciliation\reconciliationRules.js,hooks\useAssets.js,369,declaration | object_key | snake_case_reference,multiple_roles_detected | appears_in_multiple_files | downstream_contract_candidate
assets,total_asset_interest_annual,output_contract_field,snake_case,4,hooks | lib,hooks\useCostSummary.js | lib\reconciliation\reconciliationRules.js,hooks\useCostSummary.js,46,declaration | object_key | snake_case_reference,appears_in_multiple_files | downstream_contract_candidate
assets,total_asset_recovery_cost_annual,output_contract_field,snake_case,6,hooks,hooks\useAssets.js | hooks\useCostSummary.js,hooks\useAssets.js,641,object_key | snake_case_reference,multiple_roles_detected | appears_in_multiple_files | downstream_contract_candidate
assets,total_general_overheads_before_asset_assignment,output_contract_field,snake_case,3,hooks,hooks\useCostSummary.js,hooks\useCostSummary.js,29,declaration | object_key,multiple_roles_detected | downstream_contract_candidate
assets,total_unassigned_asset_related_overhead_cost_annual,output_contract_field,snake_case,4,hooks,hooks\useAssets.js | hooks\useCostSummary.js | hooks\useGeneralOverheads.js,hooks\useAssets.js,636,object_key,multiple_roles_detected | appears_in_multiple_files | downstream_contract_candidate
business-modelling,active_scenario,output_contract_field,snake_case,9,hooks | lib,hooks\useBusinessModelling.js | lib\selectors\businessModellingSelectors.js,hooks\useBusinessModelling.js,237,snake_case_reference,multiple_roles_detected | appears_in_multiple_files | downstream_contract_candidate
business-modelling,baseline,output_contract_field,plain,1,hooks,hooks\useBusinessModelling.js,hooks\useBusinessModelling.js,393,declaration,downstream_contract_candidate
business-modelling,baseline_snapshot,output_contract_field,snake_case,8,hooks | lib,hooks\useBusinessModelling.js | lib\calculations\businessModellingCalculations.js | lib\storage\businessModellingStorage.js,hooks\useBusinessModelling.js,60,object_key | snake_case_reference,multiple_roles_detected | appears_in_multiple_files | downstream_contract_candidate
business-modelling,blocked,output_contract_field,plain,5,hooks | lib,hooks\useBusinessModelling.js | lib\calculations\businessModellingCalculations.js | lib\selectors\businessModellingSelectors.js,hooks\useBusinessModelling.js,246,status_value,multiple_roles_detected | appears_in_multiple_files | downstream_contract_candidate
business-modelling,business_modelling_state,output_contract_field,snake_case,1,hooks,hooks\useBusinessModelling.js,hooks\useBusinessModelling.js,128,snake_case_reference,downstream_contract_candidate
business-modelling,current_margin_per_productive_hour,output_contract_field,snake_case,4,hooks,hooks\useBusinessModelling.js,hooks\useBusinessModelling.js,117,object_key | snake_case_reference,downstream_contract_candidate
business-modelling,has_baseline,output_contract_field,snake_case,2,hooks,hooks\useBusinessModelling.js,hooks\useBusinessModelling.js,231,declaration | snake_case_reference,multiple_roles_detected | downstream_contract_candidate
business-modelling,modelling_ready,output_contract_field,snake_case,8,app | hooks | lib,app\business-modelling\page.jsx | hooks\useBusinessModelling.js | lib\selectors\businessModellingSelectors.js,app\business-modelling\page.jsx,61,declaration | snake_case_reference,multiple_roles_detected | appears_in_multiple_files | downstream_contract_candidate
business-modelling,output_contract,output_contract_field,snake_case,19,hooks,hooks\useBusinessModelling.js,hooks\useBusinessModelling.js,31,output_contract_reference,downstream_contract_candidate
business-modelling,recovery_gap_per_hour,output_contract_field,snake_case,14,app | components | hooks | lib,app\business-modelling\page.jsx | components\business-modelling\BusinessModellingBaselineCard.jsx | hooks\useBusinessModelling.js | lib\calculations\businessModellingCalculations.js | lib\selectors\businessModellingSelectors.js,app\business-modelling\page.jsx,76,object_key | warning_id,multiple_roles_detected | appears_in_multiple_files | downstream_contract_candidate
business-modelling,summaryBlocked,output_contract_field,camelCase,1,hooks,hooks\useBusinessModelling.js,hooks\useBusinessModelling.js,245,declaration,downstream_contract_candidate
business-modelling,summaryWarnings,output_contract_field,camelCase,1,hooks,hooks\useBusinessModelling.js,hooks\useBusinessModelling.js,243,declaration,downstream_contract_candidate
business-modelling,summary_status,output_contract_field,snake_case,2,hooks,hooks\useBusinessModelling.js,hooks\useBusinessModelling.js,229,declaration | snake_case_reference,multiple_roles_detected | downstream_contract_candidate
business-modelling,total_available_hours_before_productivity,output_contract_field,snake_case,4,hooks,hooks\useBusinessModelling.js,hooks\useBusinessModelling.js,113,object_key | snake_case_reference,downstream_contract_candidate
business-modelling,total_revenue,output_contract_field,snake_case,2,hooks,hooks\useBusinessModelling.js,hooks\useBusinessModelling.js,102,object_key,downstream_contract_candidate
business-modelling,weighted_productivity_percent,output_contract_field,snake_case,4,hooks,hooks\useBusinessModelling.js,hooks\useBusinessModelling.js,111,object_key | snake_case_reference,downstream_contract_candidate
business-setup,business_name,output_contract_field,snake_case,4,hooks | lib,hooks\useBusinessSetup.js | lib\selectors\businessSetupSelectors.js | lib\storage\businessSetupStorage.js,hooks\useBusinessSetup.js,80,object_key | snake_case_reference,multiple_roles_detected | appears_in_multiple_files | downstream_contract_candidate
business-setup,business_setup_output_contract,output_contract_field,snake_case,8,hooks,hooks\useRevenueCogs.js | hooks\useRevenueReality.js,hooks\useRevenueCogs.js,72,declaration | snake_case_reference,appears_in_multiple_files | downstream_contract_candidate
business-setup,business_setup_state,output_contract_field,snake_case,1,hooks,hooks\useBusinessSetup.js,hooks\useBusinessSetup.js,91,snake_case_reference,downstream_contract_candidate
business-setup,output_contract,output_contract_field,snake_case,1,hooks,hooks\useBusinessSetup.js,hooks\useBusinessSetup.js,90,output_contract_reference,downstream_contract_candidate
business-summary,business_recovery_hours,output_contract_field,snake_case,4,hooks,hooks\useBusinessSummary.js,hooks\useBusinessSummary.js,56,object_key | snake_case_reference,downstream_contract_candidate
business-summary,business_summary,output_contract_field,snake_case,24,hooks | lib,hooks\useBusinessModelling.js | hooks\useQuoteEngine.js | hooks\useRecoverySummary.js | hooks\useRevenueReality.js | lib\recovery\recoveryRiskWarningSystem.js,hooks\useBusinessModelling.js,80,snake_case_reference,multiple_roles_detected | appears_in_multiple_files | downstream_contract_candidate
business-summary,business_summary_output_contract,output_contract_field,snake_case,35,hooks | lib,hooks\useBusinessModelling.js | hooks\useQuoteEngine.js | hooks\useRevenueReality.js | lib\calculations\quoteEngineCalculations.js,hooks\useBusinessModelling.js,79,declaration | object_key | snake_case_reference,appears_in_multiple_files | downstream_contract_candidate
business-summary,business_summary_outputs,output_contract_field,snake_case,1,hooks,hooks\useRecoverySummary.js,hooks\useRecoverySummary.js,26,declaration,downstream_contract_candidate
business-summary,business_summary_ready,output_contract_field,snake_case,5,hooks | lib,hooks\useBusinessSummary.js | lib\calculations\recoverySummaryCalculations.js | lib\selectors\businessSummarySelectors.js,hooks\useBusinessSummary.js,144,declaration | object_key | snake_case_reference,multiple_roles_detected | appears_in_multiple_files | downstream_contract_candidate
business-summary,business_summary_status,output_contract_field,snake_case,15,hooks | lib,hooks\useBusinessModelling.js | hooks\useBusinessSummary.js | lib\calculations\businessModellingCalculations.js | lib\selectors\businessSummarySelectors.js,hooks\useBusinessModelling.js,121,object_key | snake_case_reference,multiple_roles_detected | appears_in_multiple_files | downstream_contract_candidate
business-summary,business_summary_usable,output_contract_field,snake_case,2,hooks,hooks\useBusinessModelling.js,hooks\useBusinessModelling.js,84,declaration | snake_case_reference,downstream_contract_candidate
business-summary,business_summary_warnings,output_contract_field,snake_case,20,app | components | hooks | lib,app\business-summary\page.jsx | components\business-summary\BusinessSummaryStatusStrip.jsx | hooks\useBusinessModelling.js | hooks\useBusinessSummary.js | hooks\useQuoteEngine.js | lib\calculations\businessModellingCalculations.js | lib\selectors\businessSummarySelectors.js | lib\selectors\quoteEngineSelectors.js,app\business-summary\page.jsx,65,object_key | warning_id,multiple_roles_detected | appears_in_multiple_files | downstream_contract_candidate
business-summary,business_type,output_contract_field,snake_case,2,hooks,hooks\useBusinessSummary.js,hooks\useBusinessSummary.js,68,object_key | snake_case_reference,downstream_contract_candidate
business-summary,calculations,output_contract_field,plain,1,hooks,hooks\useBusinessSummary.js,hooks\useBusinessSummary.js,30,declaration,downstream_contract_candidate
business-summary,cost_burden_breakdown,output_contract_field,snake_case,3,hooks,hooks\useBusinessSummary.js,hooks\useBusinessSummary.js,130,object_key | snake_case_reference,multiple_roles_detected | downstream_contract_candidate
business-summary,is_product_based,output_contract_field,snake_case,13,app | components | hooks | lib,app\business-summary\page.jsx | components\business-summary\BusinessSummaryCard.jsx | components\business-summary\BusinessSummaryHierarchyBuilder.js | hooks\useBusinessSummary.js | lib\calculations\businessSummaryCalculations.js | lib\selectors\businessSummarySelectors.js,app\business-summary\page.jsx,100,declaration | object_key | snake_case_reference,multiple_roles_detected | appears_in_multiple_files | downstream_contract_candidate
business-summary,margin_pool,output_contract_field,snake_case,17,components | hooks | lib,components\recovery-summary\main-card\RecoveryOutcomeDetail.jsx | components\recovery-summary\main-card\recoverySummaryWarningHelpers.js | components\recovery-summary\recoverySummaryWarningDetails.js | hooks\useBusinessModelling.js | hooks\useBusinessSummary.js | hooks\useRevenueReality.js | lib\calculations\recoverySummaryCalculations.js | lib\recovery\recoveryRiskWarningSystem.js | lib\selectors\businessSummarySelectors.js,components\recovery-summary\main-card\RecoveryOutcomeDetail.jsx,62,object_key | snake_case_reference,multiple_roles_detected | appears_in_multiple_files | downstream_contract_candidate
business-summary,net_position,output_contract_field,snake_case,8,components | hooks | lib,components\recovery-summary\recoverySummaryWarningDetails.js | hooks\useBusinessModelling.js | lib\calculations\recoveryOutcomeCalculations.js | lib\calculations\recoverySummaryCalculations.js | lib\selectors\businessSummarySelectors.js,components\recovery-summary\recoverySummaryWarningDetails.js,7,object_key | snake_case_reference,multiple_roles_detected | appears_in_multiple_files | downstream_contract_candidate
business-summary,operating_recovery_hours,output_contract_field,snake_case,4,hooks,hooks\useBusinessSummary.js,hooks\useBusinessSummary.js,59,object_key | snake_case_reference,downstream_contract_candidate
business-summary,output_contract,output_contract_field,snake_case,4,hooks,hooks\useBusinessSummary.js,hooks\useBusinessSummary.js,26,output_contract_reference,downstream_contract_candidate
business-summary,people,output_contract_field,plain,4,components | hooks,components\business-summary\BusinessSummaryCard.jsx | components\business-summary\BusinessSummaryHierarchyBuilder.js | components\business-summary\BusinessSummaryMacroPositionCard.jsx | hooks\useBusinessSummary.js,components\business-summary\BusinessSummaryCard.jsx,63,object_key,multiple_roles_detected | appears_in_multiple_files | downstream_contract_candidate
business-summary,product_based,output_contract_field,snake_case,1,hooks,hooks\useBusinessSummary.js,hooks\useBusinessSummary.js,71,snake_case_reference,downstream_contract_candidate
business-summary,ready,output_contract_field,plain,3,hooks | lib,hooks\useBusinessSummary.js | lib\selectors\businessSummarySelectors.js,hooks\useBusinessSummary.js,87,status_value,multiple_roles_detected | appears_in_multiple_files | downstream_contract_candidate
business-summary,recovery_hours_used,output_contract_field,snake_case,2,hooks | lib,hooks\useBusinessSummary.js | lib\selectors\businessSummarySelectors.js,hooks\useBusinessSummary.js,227,object_key | snake_case_reference,multiple_roles_detected | appears_in_multiple_files | downstream_contract_candidate
business-summary,total_available_hours_before_productivity,output_contract_field,snake_case,2,hooks,hooks\useBusinessSummary.js,hooks\useBusinessSummary.js,234,object_key | snake_case_reference,downstream_contract_candidate
business-summary,total_recovery_hours,output_contract_field,snake_case,2,hooks,hooks\useBusinessSummary.js,hooks\useBusinessSummary.js,53,object_key | snake_case_reference,downstream_contract_candidate
business-summary,total_revenue,output_contract_field,snake_case,2,hooks | lib,hooks\useBusinessSummary.js | lib\selectors\businessSummarySelectors.js,hooks\useBusinessSummary.js,31,object_key | snake_case_reference,multiple_roles_detected | appears_in_multiple_files | downstream_contract_candidate
business-summary,units_sold_annual,output_contract_field,snake_case,3,hooks | lib,hooks\useBusinessSummary.js | lib\selectors\businessSummarySelectors.js,hooks\useBusinessSummary.js,65,object_key | snake_case_reference,multiple_roles_detected | appears_in_multiple_files | downstream_contract_candidate
business-summary,weighted_productivity_percent,output_contract_field,snake_case,2,hooks,hooks\useBusinessSummary.js,hooks\useBusinessSummary.js,231,object_key | snake_case_reference,downstream_contract_candidate
cost-allocation,base_calculation_inputs,output_contract_field,snake_case,1,hooks,hooks\useCostAllocation.js,hooks\useCostAllocation.js,89,snake_case_reference,downstream_contract_candidate
cost-allocation,build_cost_allocation_output_contract,output_contract_field,snake_case,3,hooks,hooks\cost-allocation\useCostAllocationOutputContract.js | hooks\useCostAllocation.js,hooks\cost-allocation\useCostAllocationOutputContract.js,5,snake_case_reference,appears_in_multiple_files | downstream_contract_candidate
cost-allocation,cost_allocation,output_contract_field,snake_case,20,app | components | hooks | lib,app\recovery-outcome\page.jsx | components\rate-builder\RateBuilderLineCalculator.jsx | hooks\useRecoveryOutcome.js | lib\calculations\recoveryOutcomeCalculations.js | lib\recovery\recoveryRiskWarningSystem.js,app\recovery-outcome\page.jsx,22,object_key | snake_case_reference,multiple_roles_detected | appears_in_multiple_files | downstream_contract_candidate
cost-allocation,cost_allocation_contract,output_contract_field,snake_case,1,app,app\recovery-outcome\page.jsx,app\recovery-outcome\page.jsx,21,declaration,downstream_contract_candidate
cost-allocation,fallback_recovery_summary,output_contract_field,snake_case,1,hooks,hooks\useCostAllocation.js,hooks\useCostAllocation.js,50,snake_case_reference,downstream_contract_candidate
cost-allocation,output_contract,output_contract_field,snake_case,11,hooks | lib,hooks\useCostAllocation.js | lib\calculations\cost-allocation\costAllocationInputBuilder.js,hooks\useCostAllocation.js,50,output_contract_reference,appears_in_multiple_files | downstream_contract_candidate
cost-allocation,recovery_hours_used,output_contract_field,snake_case,1,hooks,hooks\useCostAllocation.js,hooks\useCostAllocation.js,89,object_key,downstream_contract_candidate
cost-allocation,recovery_outputs,output_contract_field,snake_case,4,lib,lib\calculations\cost-allocation\costAllocationInputBuilder.js,lib\calculations\cost-allocation\costAllocationInputBuilder.js,16,declaration | snake_case_reference,multiple_roles_detected | downstream_contract_candidate
cost-allocation,recovery_summary,output_contract_field,snake_case,2,hooks | lib,hooks\useCostAllocation.js | lib\calculations\cost-allocation\costAllocationInputBuilder.js,hooks\useCostAllocation.js,49,snake_case_reference,appears_in_multiple_files | downstream_contract_candidate
cost-summary,category_totals,output_contract_field,snake_case,6,hooks,hooks\useCostSummary.js,hooks\useCostSummary.js,63,object_key | snake_case_reference,downstream_contract_candidate
cost-summary,cost_summary,output_contract_field,snake_case,7,hooks | lib,hooks\useBusinessSummary.js | hooks\useQuoteEngine.js | hooks\useRevenueSummary.js | lib\audit\buildLiveAuditSnapshotExport.js,hooks\useBusinessSummary.js,27,declaration | object_key | snake_case_reference,multiple_roles_detected | appears_in_multiple_files | downstream_contract_candidate
cost-summary,cost_summary_output_contract,output_contract_field,snake_case,44,hooks | lib,hooks\useBusinessSummary.js | hooks\useQuoteEngine.js | lib\calculations\quoteEngineCalculations.js,hooks\useBusinessSummary.js,27,declaration | object_key | snake_case_reference,appears_in_multiple_files | downstream_contract_candidate
cost-summary,cost_summary_outputs,output_contract_field,snake_case,1,hooks,hooks\useRevenueSummary.js,hooks\useRevenueSummary.js,27,declaration,downstream_contract_candidate
cost-summary,cost_summary_ready,output_contract_field,snake_case,5,hooks | lib,hooks\useBusinessSummary.js | lib\selectors\businessSummarySelectors.js,hooks\useBusinessSummary.js,95,declaration | object_key | snake_case_reference,multiple_roles_detected | appears_in_multiple_files | downstream_contract_candidate
cost-summary,employer_contribution_totals,output_contract_field,snake_case,2,hooks,hooks\useCostSummary.js,hooks\useCostSummary.js,210,object_key | snake_case_reference,downstream_contract_candidate
cost-summary,entitlement_totals,output_contract_field,snake_case,2,hooks,hooks\useCostSummary.js,hooks\useCostSummary.js,208,object_key | snake_case_reference,downstream_contract_candidate
cost-summary,finance_cost_annual,output_contract_field,snake_case,2,hooks,hooks\useCostSummary.js,hooks\useCostSummary.js,226,object_key | snake_case_reference,downstream_contract_candidate
cost-summary,legacy_display,output_contract_field,snake_case,1,hooks,hooks\useCostSummary.js,hooks\useCostSummary.js,50,snake_case_reference,downstream_contract_candidate
cost-summary,output_contract,output_contract_field,snake_case,14,hooks | lib,hooks\useCostSummary.js | lib\selectors\costSummarySelectors.js,hooks\useCostSummary.js,19,output_contract_reference,appears_in_multiple_files | downstream_contract_candidate
cost-summary,required_recovery_rate,output_contract_field,snake_case,12,hooks | lib,hooks\useBusinessModelling.js | hooks\useBusinessSummary.js | lib\calculations\quoteEngineCalculations.js | lib\recovery\recoveryRiskWarningSystem.js | lib\selectors\quoteEngineSelectors.js,hooks\useBusinessModelling.js,115,declaration | object_key | snake_case_reference,multiple_roles_detected | appears_in_multiple_files | downstream_contract_candidate
cost-summary,running_cost_annual,output_contract_field,snake_case,3,hooks,hooks\useCostSummary.js,hooks\useCostSummary.js,49,object_key | snake_case_reference,downstream_contract_candidate
cost-summary,total_available_hours_before_productivity,output_contract_field,snake_case,2,lib,lib\selectors\costSummarySelectors.js,lib\selectors\costSummarySelectors.js,114,object_key | snake_case_reference,downstream_contract_candidate
cost-summary,total_business_cost_annual,output_contract_field,snake_case,1,hooks,hooks\useCostSummary.js,hooks\useCostSummary.js,157,object_key,downstream_contract_candidate
cost-summary,total_cost_burden,output_contract_field,snake_case,18,components | hooks | lib,components\recovery-summary\RecoverySummaryMainCard.jsx | components\recovery-summary\main-card\RecoveryOutcomeDetail.jsx | components\recovery-summary\main-card\recoverySummaryWarningHelpers.js | components\recovery-summary\recoverySummaryWarningDetails.js | hooks\useBusinessModelling.js | hooks\useBusinessSummary.js | lib\audit\buildLiveAuditSnapshotExport.js | lib\calculations\quoteEngineCalculations.js | lib\recovery\recoveryRiskWarningSystem.js | lib\selectors\businessSummarySelectors.js,components\recovery-summary\RecoverySummaryMainCard.jsx,38,declaration | object_key | snake_case_reference,multiple_roles_detected | appears_in_multiple_files | downstream_contract_candidate
cost-summary,total_people_cost_annual,output_contract_field,snake_case,12,hooks | lib,hooks\useBusinessSummary.js | hooks\useCostSummary.js | hooks\useRevenueReality.js | lib\audit\buildLiveAuditSnapshotExport.js | lib\calculations\quoteEngineCalculations.js | lib\calculations\recoverySummaryCalculations.js,hooks\useBusinessSummary.js,44,declaration | object_key | snake_case_reference,multiple_roles_detected | appears_in_multiple_files | downstream_contract_candidate
cost-summary,total_recovery_hours,output_contract_field,snake_case,1,lib,lib\selectors\costSummarySelectors.js,lib\selectors\costSummarySelectors.js,97,snake_case_reference,downstream_contract_candidate
cost-summary,weighted_productivity_percent,output_contract_field,snake_case,5,hooks | lib,hooks\useCostSummary.js | lib\selectors\costSummarySelectors.js,hooks\useCostSummary.js,120,object_key | snake_case_reference,multiple_roles_detected | appears_in_multiple_files | downstream_contract_candidate
employee-overheads-legacy,has_employee_overheads,output_contract_field,snake_case,9,app | lib,app\dev\model-readiness\page.jsx | app\model-readiness\page.jsx | lib\reconciliation\reconciliationRules.js,app\dev\model-readiness\page.jsx,164,declaration | object_key | snake_case_reference,multiple_roles_detected | appears_in_multiple_files | downstream_contract_candidate | legacy_module_review_required
employee-overheads-legacy,output_contract,output_contract_field,snake_case,2,hooks,hooks\useEmployeeOverheads.js,hooks\useEmployeeOverheads.js,273,output_contract_reference,downstream_contract_candidate | legacy_module_review_required
employee-overheads-legacy,stored_profiles,output_contract_field,snake_case,2,hooks,hooks\useEmployeeOverheads.js,hooks\useEmployeeOverheads.js,274,snake_case_reference,downstream_contract_candidate | legacy_module_review_required
general-overheads,actions,output_contract_field,plain,1,hooks,hooks\useGeneralOverheads.js,hooks\useGeneralOverheads.js,721,object_key,downstream_contract_candidate
general-overheads,allocation_outputs,output_contract_field,snake_case,4,hooks,hooks\useGeneralOverheads.js,hooks\useGeneralOverheads.js,461,declaration | snake_case_reference,multiple_roles_detected | downstream_contract_candidate
general-overheads,build_general_overhead_allocation_outputs,output_contract_field,snake_case,1,hooks,hooks\useGeneralOverheads.js,hooks\useGeneralOverheads.js,461,snake_case_reference,downstream_contract_candidate
general-overheads,current_overhead_state,output_contract_field,snake_case,3,hooks,hooks\useGeneralOverheads.js,hooks\useGeneralOverheads.js,304,object_key | snake_case_reference,downstream_contract_candidate
general-overheads,employee_overheads_benchmark_total,output_contract_field,snake_case,1,lib,lib\reconciliation\reconciliationRules.js,lib\reconciliation\reconciliationRules.js,19,snake_case_reference,downstream_contract_candidate
general-overheads,employee_overheads_check,output_contract_field,snake_case,1,lib,lib\reconciliation\reconciliationRules.js,lib\reconciliation\reconciliationRules.js,293,declaration,downstream_contract_candidate
general-overheads,employee_overheads_lines,output_contract_field,snake_case,2,lib,lib\reconciliation\reconciliationRules.js,lib\reconciliation\reconciliationRules.js,20,snake_case_reference,downstream_contract_candidate
general-overheads,general_overheads,output_contract_field,snake_case,7,app | components | hooks,app\cost-summary\page.jsx | components\model-readiness\ModelReadinessAuditPanel.jsx | hooks\useBusinessSummary.js | hooks\useCostSummary.js | hooks\useQuoteEngine.js | hooks\useRecoverySummary.js,app\cost-summary\page.jsx,17,object_key | snake_case_reference,multiple_roles_detected | appears_in_multiple_files | downstream_contract_candidate
general-overheads,general_overheads_benchmark_total,output_contract_field,snake_case,2,lib,lib\reconciliation\reconciliationRules.js,lib\reconciliation\reconciliationRules.js,215,declaration | snake_case_reference,downstream_contract_candidate
general-overheads,general_overheads_output,output_contract_field,snake_case,1,components,components\model-readiness\ModelReadinessAuditPanel.jsx,components\model-readiness\ModelReadinessAuditPanel.jsx,45,declaration,downstream_contract_candidate
general-overheads,general_overheads_output_contract,output_contract_field,snake_case,14,hooks | lib,hooks\useCostSummary.js | lib\reconciliation\moduleReconciliation.js | lib\reconciliation\reconciliationRules.js,hooks\useCostSummary.js,24,declaration | snake_case_reference,appears_in_multiple_files | downstream_contract_candidate
general-overheads,general_overheads_outputs,output_contract_field,snake_case,1,hooks,hooks\useRecoverySummary.js,hooks\useRecoverySummary.js,34,declaration,downstream_contract_candidate
general-overheads,general_overheads_status,output_contract_field,snake_case,5,lib,lib\reconciliation\moduleReconciliation.js | lib\reconciliation\reconciliationRules.js,lib\reconciliation\moduleReconciliation.js,16,declaration | snake_case_reference,multiple_roles_detected | appears_in_multiple_files | downstream_contract_candidate
general-overheads,grouped_overhead_rows,output_contract_field,snake_case,2,components | lib,components\general-overheads\GeneralOverheadSummaryCard.jsx | lib\selectors\general-overheads\generalOverheadCardSelector.js,components\general-overheads\GeneralOverheadSummaryCard.jsx,104,object_key | snake_case_reference,appears_in_multiple_files | downstream_contract_candidate
general-overheads,grouped_summary,output_contract_field,snake_case,1,lib,lib\selectors\general-overheads\generalOverheadCardSelector.js,lib\selectors\general-overheads\generalOverheadCardSelector.js,103,snake_case_reference,downstream_contract_candidate
general-overheads,is_hydrated,output_contract_field,snake_case,6,hooks,hooks\useGeneralOverheads.js,hooks\useGeneralOverheads.js,392,array_destructured_name | snake_case_reference,multiple_roles_detected | downstream_contract_candidate
general-overheads,operating_expense_lines,output_contract_field,snake_case,6,hooks,hooks\useGeneralOverheads.js,hooks\useGeneralOverheads.js,282,declaration | snake_case_reference,downstream_contract_candidate
general-overheads,output_contract,output_contract_field,snake_case,11,components | hooks | lib,components\general-overheads\GeneralOverheadSummaryCard.jsx | hooks\useGeneralOverheads.js | lib\selectors\general-overheads\generalOverheadCardSelector.js,components\general-overheads\GeneralOverheadSummaryCard.jsx,105,output_contract_reference,appears_in_multiple_files | downstream_contract_candidate
general-overheads,overhead_rows,output_contract_field,snake_case,8,components | hooks,components\general-overheads\GeneralOverheadSummaryCard.jsx | hooks\useCostSummary.js,components\general-overheads\GeneralOverheadSummaryCard.jsx,172,object_key | snake_case_reference,appears_in_multiple_files | downstream_contract_candidate
general-overheads,overhead_state,output_contract_field,snake_case,2,hooks | lib,hooks\useGeneralOverheads.js | lib\selectors\general-overheads\generalOverheadCardSelector.js,hooks\useGeneralOverheads.js,664,snake_case_reference,multiple_roles_detected | appears_in_multiple_files | downstream_contract_candidate
general-overheads,pool_key,output_contract_field,snake_case,1,components,components\general-overheads\GeneralOverheadSummaryCard.jsx,components\general-overheads\GeneralOverheadSummaryCard.jsx,184,snake_case_reference,downstream_contract_candidate
general-overheads,system_allocation_amount_overrides,output_contract_field,snake_case,13,hooks,hooks\useGeneralOverheads.js,hooks\useGeneralOverheads.js,354,object_key | snake_case_reference,multiple_roles_detected | downstream_contract_candidate
general-overheads,total_business_overheads,output_contract_field,snake_case,8,hooks | lib,hooks\useBusinessSummary.js | lib\audit\buildLiveAuditSnapshotExport.js | lib\calculations\quoteEngineCalculations.js,hooks\useBusinessSummary.js,50,declaration | object_key | snake_case_reference,multiple_roles_detected | appears_in_multiple_files | downstream_contract_candidate
general-overheads,total_general_overheads,output_contract_field,snake_case,5,hooks | lib,hooks\useCostSummary.js | hooks\useGeneralOverheads.js | lib\reconciliation\reconciliationRules.js,hooks\useCostSummary.js,30,declaration | object_key | snake_case_reference,multiple_roles_detected | appears_in_multiple_files | downstream_contract_candidate
labour,active_staff,output_contract_field,snake_case,8,hooks | lib,hooks\useCostSummary.js | lib\calculations\cost-allocation\costAllocationLabourAdapter.js | lib\calculations\cost-allocation\costAllocationValidation.js | lib\calculations\costAllocationRules.js | lib\selectors\costSummarySelectors.js,hooks\useCostSummary.js,199,declaration | object_key | snake_case_reference,multiple_roles_detected | appears_in_multiple_files | downstream_contract_candidate
labour,all_labour_type_rows,output_contract_field,snake_case,1,hooks,hooks\useCostAllocation.js,hooks\useCostAllocation.js,83,declaration,downstream_contract_candidate
labour,build_active_labour_rate_model_for_calculation,output_contract_field,snake_case,1,hooks,hooks\rate-builder\useRateBuilderLabourRates.js,hooks\rate-builder\useRateBuilderLabourRates.js,22,snake_case_reference,downstream_contract_candidate
labour,build_all_labour_type_rows,output_contract_field,snake_case,2,hooks | lib,hooks\useCostAllocation.js | lib\calculations\cost-allocation\costAllocationLabourAdapter.js,hooks\useCostAllocation.js,84,snake_case_reference,appears_in_multiple_files | downstream_contract_candidate
labour,build_cost_allocation_output_contract,output_contract_field,snake_case,3,hooks | lib,hooks\rate-builder\useRateBuilderLabourRates.js | lib\selectors\rate-builder\rateBuilderLabourModelSelectors.js,hooks\rate-builder\useRateBuilderLabourRates.js,23,snake_case_reference,appears_in_multiple_files | downstream_contract_candidate
labour,build_labour_rate_result_metrics,output_contract_field,snake_case,1,hooks,hooks\rate-builder\useRateBuilderLabourRates.js,hooks\rate-builder\useRateBuilderLabourRates.js,24,snake_case_reference,downstream_contract_candidate
labour,build_labour_type_rows_by_class,output_contract_field,snake_case,3,lib,lib\calculations\cost-allocation\costAllocationLabourAdapter.js,lib\calculations\cost-allocation\costAllocationLabourAdapter.js,158,snake_case_reference,downstream_contract_candidate
labour,build_productive_labour_type_rows,output_contract_field,snake_case,3,hooks | lib,hooks\useCostAllocation.js | lib\calculations\cost-allocation\costAllocationLabourAdapter.js,hooks\useCostAllocation.js,76,snake_case_reference,appears_in_multiple_files | downstream_contract_candidate
labour,build_support_labour_type_rows,output_contract_field,snake_case,3,hooks | lib,hooks\useCostAllocation.js | lib\calculations\cost-allocation\costAllocationLabourAdapter.js,hooks\useCostAllocation.js,80,snake_case_reference,appears_in_multiple_files | downstream_contract_candidate
labour,cost_allocation,output_contract_field,snake_case,5,hooks | lib,hooks\rate-builder\useRateBuilderLabourRates.js | lib\selectors\rate-builder\rateBuilderLabourModelSelectors.js,hooks\rate-builder\useRateBuilderLabourRates.js,60,snake_case_reference,appears_in_multiple_files | downstream_contract_candidate
labour,cost_allocation_output_contract,output_contract_field,snake_case,3,hooks,hooks\rate-builder\useRateBuilderLabourRates.js,hooks\rate-builder\useRateBuilderLabourRates.js,59,declaration | snake_case_reference,downstream_contract_candidate
labour,expected_labour_margin_percent,output_contract_field,snake_case,2,lib,lib\selectors\quickStartSelectors.js | lib\storage\quickStartStorage.js,lib\selectors\quickStartSelectors.js,77,object_key | snake_case_reference,multiple_roles_detected | appears_in_multiple_files | downstream_contract_candidate
labour,get_nested_value,output_contract_field,snake_case,1,lib,lib\selectors\rate-builder\rateBuilderLabourSourceSelectors.js,lib\selectors\rate-builder\rateBuilderLabourSourceSelectors.js,34,snake_case_reference,downstream_contract_candidate
labour,is_labour_based,output_contract_field,snake_case,20,app | components | hooks | lib,app\business-summary\page.jsx | components\business-summary\BusinessSummaryCard.jsx | components\business-summary\BusinessSummaryHierarchyBuilder.js | hooks\useBusinessSummary.js | hooks\useRecoverySummary.js | hooks\useRevenueReality.js | lib\calculations\businessSummaryCalculations.js | lib\calculations\recoverySummaryCalculations.js | lib\calculations\revenueRealityCalculations.js | lib\selectors\businessSummarySelectors.js | lib\selectors\recoverySummarySelectors.js,app\business-summary\page.jsx,101,declaration | object_key | snake_case_reference,multiple_roles_detected | appears_in_multiple_files | downstream_contract_candidate
labour,is_labour_reality,output_contract_field,snake_case,6,components | lib,components\quick-start\QuickStartMainCard.jsx | lib\selectors\quickStartSelectors.js,components\quick-start\QuickStartMainCard.jsx,321,declaration | snake_case_reference,multiple_roles_detected | appears_in_multiple_files | downstream_contract_candidate
labour,labour,output_contract_field,plain,4,app | hooks,app\cost-summary\page.jsx | hooks\useBusinessSummary.js | hooks\useQuoteEngine.js | hooks\useRecoverySummary.js,app\cost-summary\page.jsx,15,object_key,multiple_roles_detected | appears_in_multiple_files | downstream_contract_candidate
labour,labour_based,output_contract_field,snake_case,2,hooks | lib,hooks\useRevenueReality.js | lib\calculations\recoverySummaryCalculations.js,hooks\useRevenueReality.js,37,snake_case_reference,multiple_roles_detected | appears_in_multiple_files | downstream_contract_candidate
labour,labour_benchmark_total,output_contract_field,snake_case,2,lib,lib\reconciliation\reconciliationRules.js,lib\reconciliation\reconciliationRules.js,207,declaration | snake_case_reference,downstream_contract_candidate
labour,labour_data,output_contract_field,snake_case,1,hooks,hooks\useCostSummary.js,hooks\useCostSummary.js,198,snake_case_reference,downstream_contract_candidate
labour,labour_hours,output_contract_field,snake_case,2,lib,lib\selectors\quickStartSelectors.js | lib\storage\quickStartStorage.js,lib\selectors\quickStartSelectors.js,60,object_key | snake_case_reference,multiple_roles_detected | appears_in_multiple_files | downstream_contract_candidate
labour,labour_output,output_contract_field,snake_case,3,components | hooks,components\model-readiness\ModelReadinessAuditPanel.jsx | hooks\rate-builder\useRateBuilderLabourRates.js,components\model-readiness\ModelReadinessAuditPanel.jsx,35,declaration | snake_case_reference,appears_in_multiple_files | downstream_contract_candidate
labour,labour_output_contract,output_contract_field,snake_case,35,hooks | lib,hooks\useCostSummary.js | hooks\useQuoteEngine.js | hooks\useRevenueReality.js | lib\calculations\cost-allocation\costAllocationLabourAdapter.js | lib\calculations\quoteEngineCalculations.js | lib\reconciliation\moduleReconciliation.js | lib\reconciliation\reconciliationRules.js,hooks\useCostSummary.js,22,declaration | object_key | snake_case_reference,appears_in_multiple_files | downstream_contract_candidate
labour,labour_outputs,output_contract_field,snake_case,7,hooks | lib,hooks\useRecoverySummary.js | lib\reconciliation\moduleReconciliation.js | lib\reconciliation\reconciliationRules.js,hooks\useRecoverySummary.js,32,declaration | snake_case_reference,appears_in_multiple_files | downstream_contract_candidate
labour,labour_pct,output_contract_field,snake_case,1,lib,lib\selectors\quickStartSelectors.js,lib\selectors\quickStartSelectors.js,136,object_key,downstream_contract_candidate
labour,labour_profiles,output_contract_field,snake_case,1,hooks,hooks\useEmployeeOverheads.js,hooks\useEmployeeOverheads.js,274,snake_case_reference,downstream_contract_candidate
labour,labour_rate,output_contract_field,snake_case,9,components | lib,components\labour\ScenarioModelCard.jsx | lib\calculations\quickStartCalculations.js | lib\selectors\labour\labourStatusSelectors.js | lib\selectors\quickStartSelectors.js | lib\storage\labourRateRealityCheckStorage.js | lib\storage\labourStorage.js | lib\storage\quickStartStorage.js,components\labour\ScenarioModelCard.jsx,65,object_key | snake_case_reference,multiple_roles_detected | appears_in_multiple_files | downstream_contract_candidate
labour,labour_rate_reality_check,output_contract_field,snake_case,1,lib,lib\selectors\quickStartSelectors.js,lib\selectors\quickStartSelectors.js,20,snake_case_reference,downstream_contract_candidate
labour,labour_ready,output_contract_field,snake_case,21,app | components | lib,app\dev\model-readiness\page.jsx | app\model-readiness\page.jsx | components\labour\LabourCompactWorkspaceCard.jsx | components\labour\LabourStatusStrip.jsx | lib\reconciliation\reconciliationRules.js | lib\selectors\labour\labourOutputContractSelectors.js | lib\selectors\labour\labourStatusSelectors.js,app\dev\model-readiness\page.jsx,79,declaration | object_key | snake_case_reference,multiple_roles_detected | appears_in_multiple_files | downstream_contract_candidate
labour,labour_status,output_contract_field,snake_case,29,components | lib,components\labour\LabourCompactWorkspaceCard.jsx | components\labour\LabourStatusStrip.jsx | lib\reconciliation\moduleReconciliation.js | lib\reconciliation\reconciliationRules.js | lib\selectors\labour\labourStatusSelectors.js | lib\selectors\rate-builder\rateBuilderLabourSourceSelectors.js,components\labour\LabourCompactWorkspaceCard.jsx,101,declaration | object_key | snake_case_reference,multiple_roles_detected | appears_in_multiple_files | downstream_contract_candidate
labour,labour_value,output_contract_field,snake_case,1,lib,lib\selectors\quickStartSelectors.js,lib\selectors\quickStartSelectors.js,132,object_key,downstream_contract_candidate
labour,output_contract,output_contract_field,snake_case,14,components | hooks | lib,components\labour\LabourCompactWorkspaceCard.jsx | hooks\useLabour.js | lib\selectors\rate-builder\rateBuilderLabourModelSelectors.js | lib\selectors\rate-builder\rateBuilderLabourSourceSelectors.js,components\labour\LabourCompactWorkspaceCard.jsx,293,output_contract_reference,appears_in_multiple_files | downstream_contract_candidate
labour,productive_hours,output_contract_field,snake_case,3,hooks | lib,hooks\cost-allocation\useCostAllocationGroupRecoveryRows.js | lib\reconciliation\reconciliationRules.js | lib\selectors\labour\labourStatusSelectors.js,hooks\cost-allocation\useCostAllocationGroupRecoveryRows.js,128,object_key | snake_case_reference,multiple_roles_detected | appears_in_multiple_files | downstream_contract_candidate
labour,productive_labour_cost_rate,output_contract_field,snake_case,2,lib,lib\calculations\quoteEngineCalculations.js,lib\calculations\quoteEngineCalculations.js,80,declaration | snake_case_reference,downstream_contract_candidate
labour,productive_labour_type_rows,output_contract_field,snake_case,1,hooks,hooks\useCostAllocation.js,hooks\useCostAllocation.js,75,declaration,downstream_contract_candidate
labour,productive_labour_types,output_contract_field,snake_case,3,hooks,hooks\useCostSummary.js,hooks\useCostSummary.js,202,object_key | snake_case_reference,downstream_contract_candidate
labour,productive_rows,output_contract_field,snake_case,1,lib,lib\calculations\cost-allocation\costAllocationLabourAdapter.js,lib\calculations\cost-allocation\costAllocationLabourAdapter.js,230,declaration,downstream_contract_candidate
labour,productive_staff_type_rate_warnings,output_contract_field,snake_case,10,components | lib,components\labour\LabourCompactWorkspaceCard.jsx | components\labour\ProductiveStaffTypeRatesPanel.jsx | lib\calculations\labourCalculations.js | lib\selectors\labour\labourOutputContractSelectors.js,components\labour\LabourCompactWorkspaceCard.jsx,310,declaration | object_key | warning_id,multiple_roles_detected | appears_in_multiple_files | downstream_contract_candidate
labour,productive_staff_type_rates,output_contract_field,snake_case,8,components | hooks | lib,components\labour\LabourCompactWorkspaceCard.jsx | components\labour\ProductiveStaffTypeRatesPanel.jsx | hooks\cost-allocation\useCostAllocationAssignmentCards.js | lib\calculations\labourCalculations.js | lib\selectors\labour\labourOutputContractSelectors.js,components\labour\LabourCompactWorkspaceCard.jsx,292,object_key | snake_case_reference,multiple_roles_detected | appears_in_multiple_files | downstream_contract_candidate
labour,profile_rows,output_contract_field,snake_case,1,hooks,hooks\useLabour.js,hooks\useLabour.js,258,snake_case_reference,downstream_contract_candidate
labour,rate_builder_labour_recovery_rows,output_contract_field,snake_case,5,hooks | lib,hooks\useCostAllocation.js | lib\selectors\rate-builder\rateBuilderLabourSourceSelectors.js,hooks\useCostAllocation.js,465,object_key | snake_case_reference,multiple_roles_detected | appears_in_multiple_files | downstream_contract_candidate
labour,recovery_plan,output_contract_field,snake_case,3,lib,lib\selectors\rate-builder\rateBuilderLabourModelSelectors.js | lib\selectors\rate-builder\rateBuilderLabourSourceSelectors.js,lib\selectors\rate-builder\rateBuilderLabourModelSelectors.js,8,object_key | snake_case_reference,appears_in_multiple_files | downstream_contract_candidate
labour,required_labour_burden_rate,output_contract_field,snake_case,3,app | hooks,app\business-summary\page.jsx | hooks\useBusinessSummary.js,app\business-summary\page.jsx,66,object_key | snake_case_reference,multiple_roles_detected | appears_in_multiple_files | downstream_contract_candidate
labour,required_labour_class,output_contract_field,snake_case,1,lib,lib\calculations\cost-allocation\costAllocationLabourAdapter.js,lib\calculations\cost-allocation\costAllocationLabourAdapter.js,160,snake_case_reference,downstream_contract_candidate
labour,safe_array,output_contract_field,snake_case,1,lib,lib\calculations\cost-allocation\costAllocationLabourAdapter.js,lib\calculations\cost-allocation\costAllocationLabourAdapter.js,162,snake_case_reference,downstream_contract_candidate
labour,staff_rows,output_contract_field,snake_case,1,lib,lib\calculations\cost-allocation\costAllocationLabourAdapter.js,lib\calculations\cost-allocation\costAllocationLabourAdapter.js,164,snake_case_reference,downstream_contract_candidate
labour,support_labour_type_rows,output_contract_field,snake_case,1,hooks,hooks\useCostAllocation.js,hooks\useCostAllocation.js,79,declaration,downstream_contract_candidate
labour,support_rows,output_contract_field,snake_case,1,lib,lib\calculations\cost-allocation\costAllocationLabourAdapter.js,lib\calculations\cost-allocation\costAllocationLabourAdapter.js,234,declaration,downstream_contract_candidate
labour,total_labour_cost_annual,output_contract_field,snake_case,15,hooks | lib,hooks\cost-allocation\useCostAllocationGroupRecoveryRows.js | hooks\useCostSummary.js | hooks\useRevenueReality.js | lib\calculations\revenueRealityCalculations.js | lib\reconciliation\reconciliationRules.js | lib\selectors\costSummarySelectors.js | lib\selectors\labour\labourStatusSelectors.js,hooks\cost-allocation\useCostAllocationGroupRecoveryRows.js,129,declaration | object_key | snake_case_reference,multiple_roles_detected | appears_in_multiple_files | downstream_contract_candidate
labour,total_productive_labour_cost,output_contract_field,snake_case,2,components,components\labour\LabourCompactWorkspaceCard.jsx,components\labour\LabourCompactWorkspaceCard.jsx,304,snake_case_reference,downstream_contract_candidate
labour,total_productive_labour_hours,output_contract_field,snake_case,2,components,components\labour\LabourCompactWorkspaceCard.jsx,components\labour\LabourCompactWorkspaceCard.jsx,301,snake_case_reference,downstream_contract_candidate
labour,total_productive_output,output_contract_field,snake_case,13,hooks | lib,hooks\useBusinessModelling.js | hooks\useBusinessSummary.js | lib\calculations\quoteEngineCalculations.js | lib\reconciliation\reconciliationRules.js | lib\selectors\costSummarySelectors.js,hooks\useBusinessModelling.js,109,declaration | object_key | snake_case_reference,appears_in_multiple_files | downstream_contract_candidate
labour,total_productive_paid_hours,output_contract_field,snake_case,3,components,components\labour\LabourCompactWorkspaceCard.jsx | components\labour\ProductiveStaffTypeRatesPanel.jsx,components\labour\LabourCompactWorkspaceCard.jsx,307,snake_case_reference,multiple_roles_detected | appears_in_multiple_files | downstream_contract_candidate
labour,total_staff_recovery_hours,output_contract_field,snake_case,3,hooks | lib,hooks\useBusinessSummary.js | lib\selectors\costSummarySelectors.js,hooks\useBusinessSummary.js,225,declaration | object_key | snake_case_reference,appears_in_multiple_files | downstream_contract_candidate
labour,weighted_all_productive_labour_rate,output_contract_field,snake_case,2,components,components\labour\LabourCompactWorkspaceCard.jsx,components\labour\LabourCompactWorkspaceCard.jsx,295,snake_case_reference,downstream_contract_candidate
labour,weighted_all_productive_productivity_percent,output_contract_field,snake_case,2,components,components\labour\LabourCompactWorkspaceCard.jsx,components\labour\LabourCompactWorkspaceCard.jsx,298,snake_case_reference,downstream_contract_candidate
model-readiness,model_readiness,output_contract_field,snake_case,15,app | hooks | lib,app\cost-summary\page.jsx | hooks\useBusinessSummary.js | hooks\useCostSummary.js | hooks\useQuoteEngine.js | hooks\useRecoverySummary.js | lib\selectors\costSummarySelectors.js,app\cost-summary\page.jsx,19,object_key | snake_case_reference,multiple_roles_detected | appears_in_multiple_files | downstream_contract_candidate
model-readiness,model_readiness_status,output_contract_field,snake_case,42,app | components | hooks | lib,app\business-summary\page.jsx | app\cost-summary\page.jsx | app\dev\model-readiness\page.jsx | app\model-readiness\page.jsx | app\quote-engine\page.jsx | components\cost-summary\CostSummaryStatusStrip.jsx | components\model-readiness\ModelReadinessAuditPanel.jsx | components\model-readiness\ModelReadinessStatusStrip.jsx | components\quote-engine\QuoteEngineStatusStrip.jsx | hooks\useBusinessSummary.js | hooks\useCostSummary.js | hooks\useQuoteEngine.js | lib\calculations\modelReadinessCalculations.js | lib\calculations\quoteEngineCalculations.js | lib\selectors\costSummarySelectors.js | lib\selectors\quoteEngineSelectors.js,app\business-summary\page.jsx,18,declaration | object_key | snake_case_reference,multiple_roles_detected | appears_in_multiple_files | downstream_contract_candidate
model-readiness,model_ready,output_contract_field,snake_case,34,app | components | hooks | lib,app\cost-summary\page.jsx | app\dev\model-readiness\page.jsx | app\model-readiness\page.jsx | app\quote-engine\page.jsx | components\cost-summary\CostSummaryStatusStrip.jsx | components\model-readiness\ModelReadinessAuditPanel.jsx | components\model-readiness\ModelReadinessStatusStrip.jsx | hooks\useBusinessSummary.js | hooks\useCostSummary.js | hooks\useQuoteEngine.js | lib\calculations\modelReadinessCalculations.js | lib\calculations\quoteEngineCalculations.js | lib\selectors\costSummarySelectors.js | lib\selectors\quoteEngineSelectors.js,app\cost-summary\page.jsx,26,declaration | object_key | snake_case_reference,multiple_roles_detected | appears_in_multiple_files | downstream_contract_candidate
model-readiness,model_trust_state,output_contract_field,snake_case,45,app | components | hooks | lib,app\business-modelling\page.jsx | app\quote-engine\page.jsx | components\business-modelling\BusinessModellingBaselineCard.jsx | components\quote-engine\QuoteEngineStatusStrip.jsx | hooks\useBusinessModelling.js | hooks\useBusinessSummary.js | hooks\useQuoteEngine.js | hooks\useRecoverySummary.js | lib\calculations\businessModellingCalculations.js | lib\calculations\cost-allocation\costAllocationInputBuilder.js | lib\calculations\quoteEngineCalculations.js | lib\calculations\recoveryOutcomeCalculations.js | lib\calculations\recoverySummaryCalculations.js | lib\selectors\businessModellingSelectors.js | lib\selectors\businessSummarySelectors.js | lib\selectors\quoteEngineSelectors.js | lib\selectors\recoveryOutcomeSelectors.js | lib\selectors\recoverySummarySelectors.js,app\business-modelling\page.jsx,77,declaration | object_key | snake_case_reference,multiple_roles_detected | appears_in_multiple_files | downstream_contract_candidate
model-readiness,output_contract,output_contract_field,snake_case,7,components,components\model-readiness\ModelReadinessAuditPanel.jsx,components\model-readiness\ModelReadinessAuditPanel.jsx,36,output_contract_reference,downstream_contract_candidate
model-readiness,quote_model_trust_state,output_contract_field,snake_case,6,hooks | lib,hooks\useQuoteEngine.js | lib\calculations\quoteEngineCalculations.js | lib\selectors\quoteEngineSelectors.js,hooks\useQuoteEngine.js,379,declaration | object_key | snake_case_reference,multiple_roles_detected | appears_in_multiple_files | downstream_contract_candidate
module-reconciliation,acc_work_levy_annual,output_contract_field,snake_case,1,lib,lib\reconciliation\reconciliationRules.js,lib\reconciliation\reconciliationRules.js,415,snake_case_reference,downstream_contract_candidate
module-reconciliation,finance_cost_annual,output_contract_field,snake_case,1,lib,lib\reconciliation\reconciliationRules.js,lib\reconciliation\reconciliationRules.js,249,snake_case_reference,downstream_contract_candidate
module-reconciliation,has_legacy_running_cost,output_contract_field,snake_case,4,lib,lib\reconciliation\reconciliationRules.js,lib\reconciliation\reconciliationRules.js,38,declaration | snake_case_reference,multiple_roles_detected | downstream_contract_candidate
module-reconciliation,is_ready,output_contract_field,snake_case,8,lib,lib\reconciliation\reconciliationRules.js,lib\reconciliation\reconciliationRules.js,53,snake_case_reference,multiple_roles_detected | downstream_contract_candidate
module-reconciliation,legacy_running_cost_check,output_contract_field,snake_case,1,lib,lib\reconciliation\reconciliationRules.js,lib\reconciliation\reconciliationRules.js,295,declaration,downstream_contract_candidate
module-reconciliation,output_contract,output_contract_field,snake_case,8,hooks | lib,hooks\useModuleReconciliation.js | lib\reconciliation\moduleReconciliation.js,hooks\useModuleReconciliation.js,27,output_contract_reference,appears_in_multiple_files | downstream_contract_candidate
module-reconciliation,running_cost_annual,output_contract_field,snake_case,2,lib,lib\reconciliation\reconciliationRules.js,lib\reconciliation\reconciliationRules.js,37,declaration | snake_case_reference,downstream_contract_candidate
module-reconciliation,total_acc_levy_annual,output_contract_field,snake_case,4,lib,lib\reconciliation\moduleReconciliation.js | lib\reconciliation\reconciliationRules.js,lib\reconciliation\moduleReconciliation.js,37,object_key | snake_case_reference,multiple_roles_detected | appears_in_multiple_files | downstream_contract_candidate
module-reconciliation,total_business_costs,output_contract_field,snake_case,1,lib,lib\reconciliation\reconciliationRules.js,lib\reconciliation\reconciliationRules.js,204,declaration,downstream_contract_candidate
module-reconciliation,total_other_income,output_contract_field,snake_case,1,lib,lib\reconciliation\reconciliationRules.js,lib\reconciliation\reconciliationRules.js,205,declaration,downstream_contract_candidate
module-reconciliation,unassigned_balance,output_contract_field,snake_case,1,lib,lib\reconciliation\reconciliationRules.js,lib\reconciliation\reconciliationRules.js,230,declaration,downstream_contract_candidate
opening-hours,macro_required_operating_hour_rate,output_contract_field,snake_case,28,app | components | hooks | lib,app\business-summary\page.jsx | app\cost-summary\page.jsx | components\business-summary\BusinessSummaryCard.jsx | components\business-summary\BusinessSummaryStatusStrip.jsx | components\cost-summary\CostSummaryCard.jsx | components\cost-summary\CostSummaryStatusStrip.jsx | hooks\useBusinessSummary.js | hooks\useCostSummary.js | lib\calculations\costSummaryCalculations.js | lib\selectors\businessSummarySelectors.js | lib\selectors\costSummarySelectors.js,app\business-summary\page.jsx,67,declaration | object_key | warning_id,multiple_roles_detected | appears_in_multiple_files | downstream_contract_candidate
opening-hours,net_annual_business_open_hours,output_contract_field,snake_case,6,components | hooks | lib,components\business-summary\BusinessSummaryStatusStrip.jsx | hooks\useBusinessSummary.js | lib\selectors\openingHoursSelectors.js,components\business-summary\BusinessSummaryStatusStrip.jsx,16,object_key | snake_case_reference,multiple_roles_detected | appears_in_multiple_files | downstream_contract_candidate
opening-hours,opening_hours_module,output_contract_field,snake_case,3,hooks,hooks\useCostSummary.js,hooks\useCostSummary.js,18,snake_case_reference,downstream_contract_candidate
p-and-l,Ready,output_contract_field,PascalCase,1,lib,lib\selectors\profitAndLossSelectors.js,lib\selectors\profitAndLossSelectors.js,282,quoted_object_key,downstream_contract_candidate
p-and-l,assets_benchmark_total,output_contract_field,snake_case,2,lib,lib\selectors\profitAndLossSelectors.js,lib\selectors\profitAndLossSelectors.js,259,object_key | snake_case_reference,downstream_contract_candidate
p-and-l,build_general_overheads_from_pnl,output_contract_field,snake_case,3,hooks,hooks\useGeneralOverheads.js,hooks\useGeneralOverheads.js,302,snake_case_reference,downstream_contract_candidate
p-and-l,build_pnl_sync_signature,output_contract_field,snake_case,2,hooks,hooks\useGeneralOverheads.js,hooks\useGeneralOverheads.js,281,snake_case_reference,downstream_contract_candidate
p-and-l,build_reconciliation,output_contract_field,snake_case,3,lib,lib\selectors\profitAndLossSelectors.js,lib\selectors\profitAndLossSelectors.js,148,snake_case_reference,downstream_contract_candidate
p-and-l,build_unassigned_details,output_contract_field,snake_case,1,lib,lib\selectors\profitAndLossSelectors.js,lib\selectors\profitAndLossSelectors.js,218,snake_case_reference,downstream_contract_candidate
p-and-l,build_warnings,output_contract_field,snake_case,3,lib,lib\selectors\profitAndLossSelectors.js,lib\selectors\profitAndLossSelectors.js,4,warning_id,downstream_contract_candidate
p-and-l,direct_cost_category_totals,output_contract_field,snake_case,2,lib,lib\selectors\profitAndLossSelectors.js,lib\selectors\profitAndLossSelectors.js,245,object_key | snake_case_reference,downstream_contract_candidate
p-and-l,employee_overheads_benchmark_total,output_contract_field,snake_case,2,lib,lib\selectors\profitAndLossSelectors.js,lib\selectors\profitAndLossSelectors.js,256,object_key | snake_case_reference,downstream_contract_candidate
p-and-l,excluded_asset_finance_interest_total,output_contract_field,snake_case,2,lib,lib\selectors\profitAndLossSelectors.js,lib\selectors\profitAndLossSelectors.js,266,object_key | snake_case_reference,downstream_contract_candidate
p-and-l,format_number,output_contract_field,snake_case,28,lib,lib\selectors\profitAndLossSelectors.js,lib\selectors\profitAndLossSelectors.js,171,snake_case_reference,downstream_contract_candidate
p-and-l,general_overheads_benchmark_total,output_contract_field,snake_case,2,lib,lib\selectors\profitAndLossSelectors.js,lib\selectors\profitAndLossSelectors.js,273,object_key | snake_case_reference,downstream_contract_candidate
p-and-l,good,output_contract_field,plain,4,components | lib,components\p-and-l\ProfitAndLossStatusStrip.jsx | lib\selectors\profitAndLossSelectors.js,components\p-and-l\ProfitAndLossStatusStrip.jsx,5,quoted_object_key,multiple_roles_detected | appears_in_multiple_files | downstream_contract_candidate
p-and-l,gross_profit,output_contract_field,snake_case,4,lib,lib\selectors\profitAndLossSelectors.js,lib\selectors\profitAndLossSelectors.js,15,object_key | snake_case_reference,downstream_contract_candidate
p-and-l,hired_equipment_cost,output_contract_field,snake_case,1,lib,lib\selectors\profitAndLossSelectors.js,lib\selectors\profitAndLossSelectors.js,244,object_key,downstream_contract_candidate
p-and-l,label,output_contract_field,plain,5,lib,lib\selectors\profitAndLossSelectors.js,lib\selectors\profitAndLossSelectors.js,170,object_key,downstream_contract_candidate
p-and-l,labour_benchmark_total,output_contract_field,snake_case,2,lib,lib\selectors\profitAndLossSelectors.js,lib\selectors\profitAndLossSelectors.js,253,object_key | snake_case_reference,downstream_contract_candidate
p-and-l,materials_cost,output_contract_field,snake_case,1,lib,lib\selectors\profitAndLossSelectors.js,lib\selectors\profitAndLossSelectors.js,242,object_key,downstream_contract_candidate
p-and-l,model_total_costs,output_contract_field,snake_case,1,lib,lib\selectors\profitAndLossSelectors.js,lib\selectors\profitAndLossSelectors.js,150,snake_case_reference,downstream_contract_candidate
p-and-l,net_profit,output_contract_field,snake_case,3,lib,lib\selectors\profitAndLossSelectors.js,lib\selectors\profitAndLossSelectors.js,191,object_key | snake_case_reference,downstream_contract_candidate
p-and-l,output_contract,output_contract_field,snake_case,57,hooks | lib,hooks\useProfitAndLoss.js | lib\selectors\profitAndLossSelectors.js,hooks\useProfitAndLoss.js,55,output_contract_reference,appears_in_multiple_files | downstream_contract_candidate
p-and-l,pnl_interest_marked_asset_finance_total,output_contract_field,snake_case,4,lib,lib\reconciliation\reconciliationRules.js | lib\selectors\profitAndLossSelectors.js,lib\reconciliation\reconciliationRules.js,220,object_key | snake_case_reference,appears_in_multiple_files | downstream_contract_candidate
p-and-l,pnl_interest_total,output_contract_field,snake_case,1,lib,lib\selectors\profitAndLossSelectors.js,lib\selectors\profitAndLossSelectors.js,262,object_key,downstream_contract_candidate
p-and-l,pnl_output,output_contract_field,snake_case,1,components,components\model-readiness\ModelReadinessAuditPanel.jsx,components\model-readiness\ModelReadinessAuditPanel.jsx,52,declaration,downstream_contract_candidate
p-and-l,pnl_output_contract,output_contract_field,snake_case,39,hooks | lib,hooks\useAssets.js | hooks\useGeneralOverheads.js | hooks\useRevenueCogs.js | lib\reconciliation\moduleReconciliation.js | lib\reconciliation\reconciliationRules.js,hooks\useAssets.js,202,declaration | snake_case_reference,appears_in_multiple_files | downstream_contract_candidate
p-and-l,pnl_ready,output_contract_field,snake_case,14,app | components | lib,app\dev\model-readiness\page.jsx | app\model-readiness\page.jsx | components\p-and-l\ProfitAndLossMainCard.jsx | components\p-and-l\ProfitAndLossProgressPanel.jsx | lib\calculations\profitAndLossCalculations.js | lib\reconciliation\reconciliationRules.js | lib\selectors\profitAndLossSelectors.js,app\dev\model-readiness\page.jsx,65,declaration | object_key | snake_case_reference,multiple_roles_detected | appears_in_multiple_files | downstream_contract_candidate
p-and-l,pnl_status,output_contract_field,snake_case,3,lib,lib\reconciliation\moduleReconciliation.js | lib\reconciliation\reconciliationRules.js,lib\reconciliation\moduleReconciliation.js,9,declaration | snake_case_reference,appears_in_multiple_files | downstream_contract_candidate
p-and-l,pnl_sync_signature,output_contract_field,snake_case,2,hooks,hooks\useGeneralOverheads.js,hooks\useGeneralOverheads.js,408,declaration | snake_case_reference,downstream_contract_candidate
p-and-l,profit_and_loss,output_contract_field,snake_case,2,components | hooks,components\model-readiness\ModelReadinessAuditPanel.jsx | hooks\useRevenueCogs.js,components\model-readiness\ModelReadinessAuditPanel.jsx,54,snake_case_reference,appears_in_multiple_files | downstream_contract_candidate
p-and-l,profit_and_loss_ready,output_contract_field,snake_case,3,lib,lib\reconciliation\reconciliationRules.js,lib\reconciliation\reconciliationRules.js,285,declaration | snake_case_reference,multiple_roles_detected | downstream_contract_candidate
p-and-l,profit_and_loss_state,output_contract_field,snake_case,6,hooks,hooks\useGeneralOverheads.js | hooks\useProfitAndLoss.js,hooks\useGeneralOverheads.js,402,destructured_name | snake_case_reference,multiple_roles_detected | appears_in_multiple_files | downstream_contract_candidate | consumed_from_upstream
p-and-l,reconciliation,output_contract_field,plain,2,lib,lib\selectors\profitAndLossSelectors.js,lib\selectors\profitAndLossSelectors.js,165,declaration,downstream_contract_candidate
p-and-l,state,output_contract_field,plain,4,hooks | lib,hooks\useProfitAndLoss.js | lib\storage\profitAndLossProfileStorage.js,hooks\useProfitAndLoss.js,81,object_key,multiple_roles_detected | appears_in_multiple_files | downstream_contract_candidate
p-and-l,subcontract_cost,output_contract_field,snake_case,1,lib,lib\selectors\profitAndLossSelectors.js,lib\selectors\profitAndLossSelectors.js,243,object_key,downstream_contract_candidate
p-and-l,summary,output_contract_field,plain,1,lib,lib\selectors\profitAndLossSelectors.js,lib\selectors\profitAndLossSelectors.js,230,object_key,downstream_contract_candidate
p-and-l,tone,output_contract_field,plain,8,components | lib,components\p-and-l\ProfitAndLossProgressPanel.jsx | lib\selectors\profitAndLossSelectors.js,components\p-and-l\ProfitAndLossProgressPanel.jsx,66,object_key,multiple_roles_detected | appears_in_multiple_files | downstream_contract_candidate
p-and-l,total_assigned_business_costs,output_contract_field,snake_case,2,lib,lib\selectors\profitAndLossSelectors.js,lib\selectors\profitAndLossSelectors.js,278,object_key | snake_case_reference,downstream_contract_candidate
p-and-l,total_business_costs,output_contract_field,snake_case,2,lib,lib\selectors\profitAndLossSelectors.js,lib\selectors\profitAndLossSelectors.js,149,object_key | snake_case_reference,downstream_contract_candidate
p-and-l,total_cogs,output_contract_field,snake_case,1,lib,lib\selectors\profitAndLossSelectors.js,lib\selectors\profitAndLossSelectors.js,251,object_key,downstream_contract_candidate
p-and-l,total_cost_of_sales,output_contract_field,snake_case,4,lib,lib\selectors\profitAndLossSelectors.js,lib\selectors\profitAndLossSelectors.js,11,object_key | snake_case_reference,downstream_contract_candidate
p-and-l,total_direct_costs,output_contract_field,snake_case,1,lib,lib\selectors\profitAndLossSelectors.js,lib\selectors\profitAndLossSelectors.js,250,object_key,downstream_contract_candidate
p-and-l,total_model_costs,output_contract_field,snake_case,2,lib,lib\selectors\profitAndLossSelectors.js,lib\selectors\profitAndLossSelectors.js,150,declaration | snake_case_reference,downstream_contract_candidate
p-and-l,total_operating_expenses,output_contract_field,snake_case,4,lib,lib\selectors\profitAndLossSelectors.js,lib\selectors\profitAndLossSelectors.js,186,object_key | snake_case_reference,downstream_contract_candidate
p-and-l,total_other_income,output_contract_field,snake_case,1,lib,lib\selectors\profitAndLossSelectors.js,lib\selectors\profitAndLossSelectors.js,233,object_key,downstream_contract_candidate
p-and-l,total_pnl_costs,output_contract_field,snake_case,2,lib,lib\selectors\profitAndLossSelectors.js,lib\selectors\profitAndLossSelectors.js,149,declaration | snake_case_reference,downstream_contract_candidate
p-and-l,total_revenue,output_contract_field,snake_case,1,lib,lib\selectors\profitAndLossSelectors.js,lib\selectors\profitAndLossSelectors.js,241,object_key,downstream_contract_candidate
p-and-l,total_trading_income,output_contract_field,snake_case,4,lib,lib\selectors\profitAndLossSelectors.js,lib\selectors\profitAndLossSelectors.js,7,object_key | snake_case_reference,downstream_contract_candidate
p-and-l,unassigned_balance,output_contract_field,snake_case,1,lib,lib\selectors\profitAndLossSelectors.js,lib\selectors\profitAndLossSelectors.js,281,object_key,downstream_contract_candidate
p-and-l,unassigned_details,output_contract_field,snake_case,5,components | lib,components\p-and-l\ProfitAndLossMainCard.jsx | lib\selectors\profitAndLossSelectors.js,components\p-and-l\ProfitAndLossMainCard.jsx,162,declaration | snake_case_reference,multiple_roles_detected | appears_in_multiple_files | downstream_contract_candidate
p-and-l,unreviewed_interest_count,output_contract_field,snake_case,2,lib,lib\selectors\profitAndLossSelectors.js,lib\selectors\profitAndLossSelectors.js,25,object_key | snake_case_reference,downstream_contract_candidate
p-and-l,unreviewed_interest_total,output_contract_field,snake_case,2,lib,lib\selectors\profitAndLossSelectors.js,lib\selectors\profitAndLossSelectors.js,270,object_key | snake_case_reference,downstream_contract_candidate
p-and-l,value,output_contract_field,plain,5,lib,lib\selectors\profitAndLossSelectors.js,lib\selectors\profitAndLossSelectors.js,171,object_key,downstream_contract_candidate
p-and-l,variance,output_contract_field,plain,1,lib,lib\selectors\profitAndLossSelectors.js,lib\selectors\profitAndLossSelectors.js,151,declaration,downstream_contract_candidate
p-and-l,warn,output_contract_field,plain,3,components | lib,components\p-and-l\ProfitAndLossStatusStrip.jsx | lib\selectors\profitAndLossSelectors.js,components\p-and-l\ProfitAndLossStatusStrip.jsx,9,quoted_object_key,multiple_roles_detected | appears_in_multiple_files | downstream_contract_candidate
p-and-l,warnings,output_contract_field,plain,3,lib,lib\selectors\profitAndLossSelectors.js,lib\selectors\profitAndLossSelectors.js,5,declaration,downstream_contract_candidate
quote-engine-legacy,blocked,output_contract_field,plain,2,components | lib,components\quote-engine\QuoteEngineStatusStrip.jsx | lib\calculations\quoteEngineCalculations.js,components\quote-engine\QuoteEngineStatusStrip.jsx,27,status_value,multiple_roles_detected | appears_in_multiple_files | downstream_contract_candidate | legacy_module_review_required
quote-engine-legacy,output_contract,output_contract_field,snake_case,9,hooks,hooks\useQuoteEngine.js,hooks\useQuoteEngine.js,108,output_contract_reference,downstream_contract_candidate | legacy_module_review_required
quote-engine-legacy,quote_state,output_contract_field,snake_case,3,hooks | lib,hooks\useQuoteEngine.js | lib\calculations\quoteEngineCalculations.js,hooks\useQuoteEngine.js,360,snake_case_reference,appears_in_multiple_files | downstream_contract_candidate | legacy_module_review_required
rate-builder,group_rows,output_contract_field,snake_case,1,components,components\rate-builder\RateBuilderLineCalculator.jsx,components\rate-builder\RateBuilderLineCalculator.jsx,107,declaration,downstream_contract_candidate
rate-builder,operational_group_cost_rows,output_contract_field,snake_case,2,components,components\rate-builder\RateBuilderLineCalculator.jsx,components\rate-builder\RateBuilderLineCalculator.jsx,108,snake_case_reference,downstream_contract_candidate
rate-builder,output_contract,output_contract_field,snake_case,2,components,components\rate-builder\RateBuilderLineCalculator.jsx,components\rate-builder\RateBuilderLineCalculator.jsx,108,output_contract_reference,downstream_contract_candidate
recovery-outcome-legacy,card,output_contract_field,plain,1,hooks,hooks\useRecoveryOutcome.js,hooks\useRecoveryOutcome.js,20,object_key,downstream_contract_candidate | legacy_module_review_required
recovery-outcome-legacy,output_contract,output_contract_field,snake_case,3,app | hooks,app\recovery-outcome\page.jsx | hooks\useRecoveryOutcome.js,app\recovery-outcome\page.jsx,15,output_contract_reference,appears_in_multiple_files | downstream_contract_candidate | legacy_module_review_required
recovery-summary,output_contract,output_contract_field,snake_case,7,hooks,hooks\useRecoverySummary.js,hooks\useRecoverySummary.js,27,output_contract_reference,downstream_contract_candidate
recovery-summary,recovery_summary,output_contract_field,snake_case,18,app | lib,app\recovery-outcome\page.jsx | lib\calculations\recoveryOutcomeCalculations.js | lib\recovery\recoveryRiskWarningSystem.js,app\recovery-outcome\page.jsx,15,object_key | snake_case_reference,multiple_roles_detected | appears_in_multiple_files | downstream_contract_candidate
recovery-summary,recovery_summary_contract,output_contract_field,snake_case,1,app,app\recovery-outcome\page.jsx,app\recovery-outcome\page.jsx,14,declaration,downstream_contract_candidate
revenue-cogs,business_setup,output_contract_field,snake_case,1,hooks,hooks\useRevenueCogs.js,hooks\useRevenueCogs.js,72,snake_case_reference,downstream_contract_candidate
revenue-cogs,business_type,output_contract_field,snake_case,2,hooks,hooks\useRevenueCogs.js,hooks\useRevenueCogs.js,231,declaration | snake_case_reference,downstream_contract_candidate
revenue-cogs,calculations,output_contract_field,plain,1,hooks,hooks\useRevenueCogs.js,hooks\useRevenueCogs.js,253,declaration,downstream_contract_candidate
revenue-cogs,commercial_driver_mode,output_contract_field,snake_case,10,hooks | lib,hooks\useRevenueCogs.js | lib\calculations\revenueCogsCalculations.js | lib\storage\revenueCogsStorage.js,hooks\useRevenueCogs.js,129,object_key | snake_case_reference,multiple_roles_detected | appears_in_multiple_files | downstream_contract_candidate
revenue-cogs,cost_of_sales_lines,output_contract_field,snake_case,1,hooks,hooks\useRevenueCogs.js,hooks\useRevenueCogs.js,257,object_key,downstream_contract_candidate
revenue-cogs,direct_cost_categories,output_contract_field,snake_case,1,hooks,hooks\useRevenueCogs.js,hooks\useRevenueCogs.js,258,object_key,downstream_contract_candidate
revenue-cogs,direct_cost_category_totals,output_contract_field,snake_case,7,components | hooks,components\business-summary\BusinessSummaryHierarchyBuilder.js | hooks\useBusinessSummary.js | hooks\useRevenueCogs.js,components\business-summary\BusinessSummaryHierarchyBuilder.js,315,object_key | snake_case_reference,multiple_roles_detected | appears_in_multiple_files | downstream_contract_candidate
revenue-cogs,gross_margin_percent,output_contract_field,snake_case,8,hooks,hooks\useBusinessModelling.js | hooks\useBusinessSummary.js | hooks\useRevenueReality.js,hooks\useBusinessModelling.js,105,object_key | snake_case_reference,appears_in_multiple_files | downstream_contract_candidate
revenue-cogs,labour_based,output_contract_field,snake_case,1,hooks,hooks\useRevenueCogs.js,hooks\useRevenueCogs.js,232,snake_case_reference,downstream_contract_candidate
revenue-cogs,output_contract,output_contract_field,snake_case,4,hooks,hooks\useRevenueCogs.js,hooks\useRevenueCogs.js,71,output_contract_reference,downstream_contract_candidate
revenue-cogs,resolved_commercial_driver_mode,output_contract_field,snake_case,4,hooks | lib,hooks\useRevenueCogs.js | lib\calculations\revenueCogsCalculations.js,hooks\useRevenueCogs.js,261,snake_case_reference,multiple_roles_detected | appears_in_multiple_files | downstream_contract_candidate
revenue-cogs,revenue_cogs,output_contract_field,snake_case,4,hooks,hooks\useBusinessSummary.js | hooks\useRecoverySummary.js | hooks\useRevenueReality.js,hooks\useBusinessSummary.js,26,object_key | snake_case_reference,multiple_roles_detected | appears_in_multiple_files | downstream_contract_candidate
revenue-cogs,revenue_cogs_output_contract,output_contract_field,snake_case,19,hooks,hooks\useBusinessSummary.js | hooks\useRevenueReality.js,hooks\useBusinessSummary.js,26,declaration | snake_case_reference,appears_in_multiple_files | downstream_contract_candidate
revenue-cogs,revenue_cogs_outputs,output_contract_field,snake_case,1,hooks,hooks\useRecoverySummary.js,hooks\useRecoverySummary.js,28,declaration,downstream_contract_candidate
revenue-cogs,revenue_cogs_ready,output_contract_field,snake_case,12,app | components | hooks | lib,app\revenue-cogs\page.jsx | components\revenue-cogs\RevenueCogsStatusStrip.jsx | hooks\useBusinessSummary.js | hooks\useRevenueCogs.js | lib\selectors\businessSummarySelectors.js | lib\selectors\revenueCogsSelectors.js,app\revenue-cogs\page.jsx,97,declaration | object_key | snake_case_reference,multiple_roles_detected | appears_in_multiple_files | downstream_contract_candidate
revenue-cogs,revenue_cogs_state,output_contract_field,snake_case,1,hooks,hooks\useRevenueCogs.js,hooks\useRevenueCogs.js,326,snake_case_reference,downstream_contract_candidate
revenue-cogs,revenue_lines,output_contract_field,snake_case,1,hooks,hooks\useRevenueCogs.js,hooks\useRevenueCogs.js,256,object_key,downstream_contract_candidate
revenue-cogs,total_direct_costs,output_contract_field,snake_case,12,components | hooks | lib,components\recovery-summary\recoverySummaryWarningDetails.js | hooks\useBusinessModelling.js | hooks\useBusinessSummary.js | hooks\useRevenueCogs.js | hooks\useRevenueReality.js | lib\calculations\revenueRealityCalculations.js | lib\selectors\revenueCogsSelectors.js,components\recovery-summary\recoverySummaryWarningDetails.js,12,object_key | snake_case_reference,multiple_roles_detected | appears_in_multiple_files | downstream_contract_candidate
revenue-cogs,total_revenue,output_contract_field,snake_case,4,hooks | lib,hooks\useRevenueCogs.js | lib\selectors\revenueCogsSelectors.js,hooks\useRevenueCogs.js,254,object_key | snake_case_reference,multiple_roles_detected | appears_in_multiple_files | downstream_contract_candidate
revenue-reality,business_setup,output_contract_field,snake_case,1,hooks,hooks\useRevenueReality.js,hooks\useRevenueReality.js,21,snake_case_reference,downstream_contract_candidate
revenue-reality,business_type,output_contract_field,snake_case,6,hooks | lib,hooks\useRevenueReality.js | lib\calculations\revenueRealityCalculations.js,hooks\useRevenueReality.js,33,declaration | object_key | snake_case_reference,multiple_roles_detected | appears_in_multiple_files | downstream_contract_candidate
revenue-reality,calculations,output_contract_field,plain,1,hooks,hooks\useRevenueReality.js,hooks\useRevenueReality.js,39,declaration,downstream_contract_candidate
revenue-reality,is_product_based,output_contract_field,snake_case,8,hooks | lib,hooks\useRevenueReality.js | lib\calculations\revenueRealityCalculations.js,hooks\useRevenueReality.js,48,object_key | snake_case_reference,multiple_roles_detected | appears_in_multiple_files | downstream_contract_candidate
revenue-reality,output_contract,output_contract_field,snake_case,5,hooks,hooks\useRevenueReality.js,hooks\useRevenueReality.js,21,output_contract_reference,downstream_contract_candidate
revenue-reality,total_revenue,output_contract_field,snake_case,6,components | hooks | lib,components\revenue-reality\RevenueRealityStatusStrip.jsx | hooks\useRevenueReality.js | lib\calculations\revenueRealityCalculations.js,components\revenue-reality\RevenueRealityStatusStrip.jsx,13,object_key | snake_case_reference,multiple_roles_detected | appears_in_multiple_files | downstream_contract_candidate
unknown,annual_income,output_contract_field,snake_case,1,lib,lib\selectors\quickStartSelectors.js,lib\selectors\quickStartSelectors.js,146,snake_case_reference,downstream_contract_candidate | module_owner_review_required
unknown,annual_perfect_text,output_contract_field,snake_case,1,lib,lib\selectors\quickStartSelectors.js,lib\selectors\quickStartSelectors.js,145,object_key,downstream_contract_candidate | module_owner_review_required
unknown,annual_real_text,output_contract_field,snake_case,1,lib,lib\selectors\quickStartSelectors.js,lib\selectors\quickStartSelectors.js,146,object_key,downstream_contract_candidate | module_owner_review_required
unknown,cost_pct,output_contract_field,snake_case,1,lib,lib\selectors\quickStartSelectors.js,lib\selectors\quickStartSelectors.js,135,object_key,downstream_contract_candidate | module_owner_review_required
unknown,cost_value,output_contract_field,snake_case,1,lib,lib\selectors\quickStartSelectors.js,lib\selectors\quickStartSelectors.js,131,object_key,downstream_contract_candidate | module_owner_review_required
unknown,crew_days,output_contract_field,snake_case,1,lib,lib\selectors\quickStartSelectors.js,lib\selectors\quickStartSelectors.js,95,snake_case_reference,downstream_contract_candidate | module_owner_review_required
unknown,direct_cost,output_contract_field,snake_case,1,lib,lib\selectors\quickStartSelectors.js,lib\selectors\quickStartSelectors.js,52,snake_case_reference,downstream_contract_candidate | module_owner_review_required
unknown,equivalent_rate,output_contract_field,snake_case,2,lib,lib\selectors\quickStartSelectors.js,lib\selectors\quickStartSelectors.js,140,snake_case_reference,downstream_contract_candidate | module_owner_review_required
unknown,equivalent_rate_text,output_contract_field,snake_case,1,lib,lib\selectors\quickStartSelectors.js,lib\selectors\quickStartSelectors.js,140,object_key,downstream_contract_candidate | module_owner_review_required
unknown,equivalent_rate_value,output_contract_field,snake_case,1,lib,lib\selectors\quickStartSelectors.js,lib\selectors\quickStartSelectors.js,142,object_key,downstream_contract_candidate | module_owner_review_required
unknown,fill_percent,output_contract_field,snake_case,2,lib,lib\selectors\quickStartSelectors.js,lib\selectors\quickStartSelectors.js,143,snake_case_reference,downstream_contract_candidate | module_owner_review_required
unknown,format_currency,output_contract_field,snake_case,8,lib,lib\selectors\quickStartSelectors.js,lib\selectors\quickStartSelectors.js,56,snake_case_reference,downstream_contract_candidate | module_owner_review_required
unknown,format_hours,output_contract_field,snake_case,5,lib,lib\selectors\quickStartSelectors.js,lib\selectors\quickStartSelectors.js,33,snake_case_reference,downstream_contract_candidate | module_owner_review_required
unknown,format_rate,output_contract_field,snake_case,9,lib,lib\selectors\quickStartSelectors.js,lib\selectors\quickStartSelectors.js,22,snake_case_reference,downstream_contract_candidate | module_owner_review_required
unknown,headline_rate_pct,output_contract_field,snake_case,1,lib,lib\selectors\quickStartSelectors.js,lib\selectors\quickStartSelectors.js,143,object_key,downstream_contract_candidate | module_owner_review_required
unknown,headline_rate_text,output_contract_field,snake_case,1,lib,lib\selectors\quickStartSelectors.js,lib\selectors\quickStartSelectors.js,139,object_key,downstream_contract_candidate | module_owner_review_required
unknown,headline_rate_value,output_contract_field,snake_case,1,lib,lib\selectors\quickStartSelectors.js,lib\selectors\quickStartSelectors.js,141,object_key,downstream_contract_candidate | module_owner_review_required
unknown,hours_per_person,output_contract_field,snake_case,1,lib,lib\selectors\quickStartSelectors.js,lib\selectors\quickStartSelectors.js,91,snake_case_reference,downstream_contract_candidate | module_owner_review_required
unknown,implied_cost_per_person_per_hour,output_contract_field,snake_case,1,lib,lib\selectors\quickStartSelectors.js,lib\selectors\quickStartSelectors.js,72,snake_case_reference,downstream_contract_candidate | module_owner_review_required
unknown,insight_text,output_contract_field,snake_case,2,lib,lib\calculations\quickStartCalculations.js | lib\selectors\quickStartSelectors.js,lib\calculations\quickStartCalculations.js,155,object_key | snake_case_reference,multiple_roles_detected | appears_in_multiple_files | downstream_contract_candidate | module_owner_review_required
unknown,label,output_contract_field,plain,13,lib,lib\selectors\quickStartSelectors.js,lib\selectors\quickStartSelectors.js,32,object_key,downstream_contract_candidate | module_owner_review_required
unknown,lost_rate_pct,output_contract_field,snake_case,1,lib,lib\selectors\quickStartSelectors.js,lib\selectors\quickStartSelectors.js,144,object_key,downstream_contract_candidate | module_owner_review_required
unknown,m2_rate,output_contract_field,snake_case,2,lib,lib\selectors\quickStartSelectors.js,lib\selectors\quickStartSelectors.js,25,snake_case_reference,downstream_contract_candidate | module_owner_review_required
unknown,mode_key,output_contract_field,snake_case,4,lib,lib\selectors\quickStartSelectors.js,lib\selectors\quickStartSelectors.js,20,snake_case_reference,downstream_contract_candidate | module_owner_review_required
unknown,non_working_hours,output_contract_field,snake_case,1,lib,lib\selectors\quickStartSelectors.js,lib\selectors\quickStartSelectors.js,37,snake_case_reference,downstream_contract_candidate | module_owner_review_required
unknown,output_contract,output_contract_field,snake_case,46,hooks | lib,hooks\useMaterials.js | hooks\useQuickStart.js | hooks\useRevenueSummary.js | hooks\useSquareMetreRate.js | lib\selectors\quickStartSelectors.js,hooks\useMaterials.js,59,output_contract_reference,appears_in_multiple_files | downstream_contract_candidate | module_owner_review_required
unknown,paid_hours_per_year,output_contract_field,snake_case,1,lib,lib\selectors\quickStartSelectors.js,lib\selectors\quickStartSelectors.js,33,snake_case_reference,downstream_contract_candidate | module_owner_review_required
unknown,perfect_world_income,output_contract_field,snake_case,1,lib,lib\selectors\quickStartSelectors.js,lib\selectors\quickStartSelectors.js,145,snake_case_reference,downstream_contract_candidate | module_owner_review_required
unknown,perfectly,output_contract_field,plain,1,lib,lib\selectors\quickStartSelectors.js,lib\selectors\quickStartSelectors.js,145,object_key,downstream_contract_candidate | module_owner_review_required
unknown,primary_label,output_contract_field,snake_case,4,components | lib,components\quick-start\QuickStartStatusStrip.jsx | lib\selectors\quickStartSelectors.js,components\quick-start\QuickStartStatusStrip.jsx,7,declaration | snake_case_reference,multiple_roles_detected | appears_in_multiple_files | downstream_contract_candidate | module_owner_review_required
unknown,primary_value,output_contract_field,snake_case,1,lib,lib\selectors\quickStartSelectors.js,lib\selectors\quickStartSelectors.js,22,declaration,downstream_contract_candidate | module_owner_review_required
unknown,quick_start_state,output_contract_field,snake_case,4,hooks | lib,hooks\useQuickStart.js | lib\selectors\quickStartSelectors.js,hooks\useQuickStart.js,16,snake_case_reference,appears_in_multiple_files | downstream_contract_candidate | module_owner_review_required
unknown,rate_drop_amount,output_contract_field,snake_case,1,lib,lib\selectors\quickStartSelectors.js,lib\selectors\quickStartSelectors.js,45,snake_case_reference,downstream_contract_candidate | module_owner_review_required
unknown,realistically,output_contract_field,plain,1,lib,lib\selectors\quickStartSelectors.js,lib\selectors\quickStartSelectors.js,146,object_key,downstream_contract_candidate | module_owner_review_required
unknown,remaining_pct,output_contract_field,snake_case,1,lib,lib\selectors\quickStartSelectors.js,lib\selectors\quickStartSelectors.js,137,object_key,downstream_contract_candidate | module_owner_review_required
unknown,remaining_value,output_contract_field,snake_case,1,lib,lib\selectors\quickStartSelectors.js,lib\selectors\quickStartSelectors.js,133,object_key,downstream_contract_candidate | module_owner_review_required
unknown,sub_label,output_contract_field,snake_case,1,lib,lib\selectors\quickStartSelectors.js,lib\selectors\quickStartSelectors.js,126,object_key,downstream_contract_candidate | module_owner_review_required
unknown,team_rate_per_hour,output_contract_field,snake_case,1,lib,lib\selectors\quickStartSelectors.js,lib\selectors\quickStartSelectors.js,67,snake_case_reference,downstream_contract_candidate | module_owner_review_required
unknown,total_days,output_contract_field,snake_case,1,lib,lib\selectors\quickStartSelectors.js,lib\selectors\quickStartSelectors.js,81,snake_case_reference,downstream_contract_candidate | module_owner_review_required
unknown,total_job_price,output_contract_field,snake_case,3,lib,lib\selectors\quickStartSelectors.js | lib\storage\quickStartStorage.js,lib\selectors\quickStartSelectors.js,85,object_key | snake_case_reference,multiple_roles_detected | appears_in_multiple_files | downstream_contract_candidate | module_owner_review_required
unknown,total_job_value,output_contract_field,snake_case,1,lib,lib\selectors\quickStartSelectors.js,lib\selectors\quickStartSelectors.js,129,object_key,downstream_contract_candidate | module_owner_review_required
unknown,update_quick_start_field,output_contract_field,snake_case,3,hooks | lib,hooks\useQuickStart.js | lib\selectors\quickStartSelectors.js,hooks\useQuickStart.js,23,snake_case_reference,appears_in_multiple_files | downstream_contract_candidate | module_owner_review_required
unknown,value,output_contract_field,plain,14,lib,lib\selectors\quickStartSelectors.js,lib\selectors\quickStartSelectors.js,33,object_key,downstream_contract_candidate | module_owner_review_required
unknown,weekly_buffer,output_contract_field,snake_case,1,lib,lib\selectors\quickStartSelectors.js,lib\selectors\quickStartSelectors.js,56,snake_case_reference,downstream_contract_candidate | module_owner_review_required
unknown,working_hours,output_contract_field,snake_case,1,lib,lib\selectors\quickStartSelectors.js,lib\selectors\quickStartSelectors.js,41,snake_case_reference,downstream_contract_candidate | module_owner_review_required
