"module_name","variable_name","audit_status","same_variable_exists_in_brief","brief_lookup_column_used","brief_modules_or_files_with_same_variable","pass_3_review_type","recommended_decision","reviewer_notes","code_files","notes"
"assets","asset_detail","code_only_not_in_brief","no","file_path","","new_contract_or_internal_review","","","hooks\useCostSummary.js","implemented_contract_not_documented_in_brief"
"assets","asset_operator","code_only_not_in_brief","no","file_path","","new_contract_or_internal_review","","","lib\selectors\quickStartSelectors.js","implemented_contract_not_documented_in_brief"
"assets","asset_outputs","code_only_not_in_brief","no","file_path","","new_contract_or_internal_review","","","hooks\useRecoverySummary.js","implemented_contract_not_documented_in_brief"
"assets","asset_overhead_pools","code_only_not_in_brief","no","file_path","","new_contract_or_internal_review","","","components\general-overheads\GeneralOverheadSummaryCard.jsx | hooks\useAssets.js | hooks\useGeneralOverheads.js","implemented_contract_not_documented_in_brief"
"assets","asset_recovery_overlay","code_only_not_in_brief","no","file_path","","new_contract_or_internal_review","","","hooks\useCostAllocation.js","implemented_contract_not_documented_in_brief"
"assets","asset_review_required","code_only_not_in_brief","no","file_path","","new_contract_or_internal_review","","","hooks\useAssets.js | hooks\useCostSummary.js | hooks\useGeneralOverheads.js","implemented_contract_not_documented_in_brief"
"assets","assets","code_only_not_in_brief","no","file_path","","new_contract_or_internal_review","","","app\cost-summary\page.jsx | components\business-summary\BusinessSummaryCard.jsx | components\business-summary\BusinessSummaryHierarchyBuilder.js | components\business-summary\BusinessSummaryMacroPositionCard.jsx | hooks\useAssets.js | hooks\useBusinessSummary.js | hooks\useCostSummary.js | hooks\useQuoteEngine.js | hooks\useRecoverySummary.js","implemented_contract_not_documented_in_brief"
"assets","build_asset_recovery_overlay","code_only_not_in_brief","no","file_path","","new_contract_or_internal_review","","","hooks\cost-allocation\useCostAllocationAssetOverlay.js","implemented_contract_not_documented_in_brief"
"assets","general_overheads","code_only_not_in_brief","no","file_path","","new_contract_or_internal_review","","","hooks\useAssets.js","implemented_contract_not_documented_in_brief"
"assets","live_assets","code_only_not_in_brief","no","file_path","","new_contract_or_internal_review","","","hooks\useAssets.js","implemented_contract_not_documented_in_brief"
"assets","safe_array","code_only_not_in_brief","no","file_path","","new_contract_or_internal_review","","","hooks\cost-allocation\useCostAllocationAssetOverlay.js","implemented_contract_not_documented_in_brief"
"assets","safe_number","code_only_not_in_brief","no","file_path","","new_contract_or_internal_review","","","hooks\cost-allocation\useCostAllocationAssetOverlay.js","implemented_contract_not_documented_in_brief"
"assets","saved_assets","code_only_not_in_brief","no","file_path","","new_contract_or_internal_review","","","hooks\useAssets.js | lib\selectors\assetSelectors.js","implemented_contract_not_documented_in_brief"
"business-modelling","active_scenario","code_only_not_in_brief","no","file_path","","new_contract_or_internal_review","","","hooks\useBusinessModelling.js | lib\selectors\businessModellingSelectors.js","implemented_contract_not_documented_in_brief"
"business-modelling","baseline","code_only_not_in_brief","no","file_path","","new_contract_or_internal_review","","","hooks\useBusinessModelling.js","implemented_contract_not_documented_in_brief"
"business-modelling","baseline_snapshot","code_only_not_in_brief","no","file_path","","new_contract_or_internal_review","","","hooks\useBusinessModelling.js | lib\calculations\businessModellingCalculations.js | lib\storage\businessModellingStorage.js","implemented_contract_not_documented_in_brief"
"business-modelling","blocked","code_only_not_in_brief","no","file_path","","new_contract_or_internal_review","","","hooks\useBusinessModelling.js | lib\calculations\businessModellingCalculations.js | lib\selectors\businessModellingSelectors.js","implemented_contract_not_documented_in_brief"
"business-modelling","business_modelling_state","code_only_not_in_brief","no","file_path","","new_contract_or_internal_review","","","hooks\useBusinessModelling.js","implemented_contract_not_documented_in_brief"
"business-modelling","summaryBlocked","code_only_not_in_brief","no","file_path","","new_contract_or_internal_review","","","hooks\useBusinessModelling.js","implemented_contract_not_documented_in_brief"
"business-modelling","summaryWarnings","code_only_not_in_brief","no","file_path","","new_contract_or_internal_review","","","hooks\useBusinessModelling.js","implemented_contract_not_documented_in_brief"
"business-setup","business_setup_output_contract","code_only_not_in_brief","no","file_path","","new_contract_or_internal_review","","","hooks\useRevenueCogs.js | hooks\useRevenueReality.js","implemented_contract_not_documented_in_brief"
"business-setup","business_setup_state","code_only_not_in_brief","no","file_path","","new_contract_or_internal_review","","","hooks\useBusinessSetup.js","implemented_contract_not_documented_in_brief"
"business-summary","business_summary","code_only_not_in_brief","no","file_path","","new_contract_or_internal_review","","","hooks\useBusinessModelling.js | hooks\useQuoteEngine.js | hooks\useRecoverySummary.js | hooks\useRevenueReality.js | lib\recovery\recoveryRiskWarningSystem.js","implemented_contract_not_documented_in_brief"
"business-summary","business_summary_usable","code_only_not_in_brief","no","file_path","","new_contract_or_internal_review","","","hooks\useBusinessModelling.js","implemented_contract_not_documented_in_brief"
"business-summary","business_summary_warnings","code_only_not_in_brief","yes","file_path","14_MIRRA_BUSINESS_SUMMARY_v4.0_LOCKED.txt","owner_alias_review","","","app\business-summary\page.jsx | components\business-summary\BusinessSummaryStatusStrip.jsx | hooks\useBusinessModelling.js | hooks\useBusinessSummary.js | hooks\useQuoteEngine.js | lib\calculations\businessModellingCalculations.js | lib\selectors\businessSummarySelectors.js | lib\selectors\quoteEngineSelectors.js","implemented_contract_not_documented_in_brief | warnings_field"
"business-summary","business_type","code_only_not_in_brief","yes","file_path","12_MIRRA_BUSINESS_SETUP_v4.0_LOCKED.txt; 13_MIRRA_REVENUE_COGS_v4.0_LOCKED.txt; 14_MIRRA_BUSINESS_SUMMARY_v4.0_LOCKED.txt; 15_MIRRA_REVENUE_REALITY_v4.0_LOCKED.txt","owner_alias_review","","","hooks\useBusinessSummary.js","implemented_contract_not_documented_in_brief"
"business-summary","calculations","code_only_not_in_brief","no","file_path","","new_contract_or_internal_review","","","hooks\useBusinessSummary.js","implemented_contract_not_documented_in_brief"
"business-summary","cost_burden_breakdown","code_only_not_in_brief","yes","file_path","14_MIRRA_BUSINESS_SUMMARY_v4.0_LOCKED.txt","owner_alias_review","","","hooks\useBusinessSummary.js","implemented_contract_not_documented_in_brief"
"business-summary","is_product_based","code_only_not_in_brief","yes","file_path","12_MIRRA_BUSINESS_SETUP_v4.0_LOCKED.txt; 14_MIRRA_BUSINESS_SUMMARY_v4.0_LOCKED.txt; 15_MIRRA_REVENUE_REALITY_v4.0_LOCKED.txt","owner_alias_review","","","app\business-summary\page.jsx | components\business-summary\BusinessSummaryCard.jsx | components\business-summary\BusinessSummaryHierarchyBuilder.js | hooks\useBusinessSummary.js | lib\calculations\businessSummaryCalculations.js | lib\selectors\businessSummarySelectors.js","implemented_contract_not_documented_in_brief | readiness_field"
"business-summary","people","code_only_not_in_brief","no","file_path","","new_contract_or_internal_review","","","components\business-summary\BusinessSummaryCard.jsx | components\business-summary\BusinessSummaryHierarchyBuilder.js | components\business-summary\BusinessSummaryMacroPositionCard.jsx | hooks\useBusinessSummary.js","implemented_contract_not_documented_in_brief"
"business-summary","product_based","code_only_not_in_brief","no","file_path","","new_contract_or_internal_review","","","hooks\useBusinessSummary.js","implemented_contract_not_documented_in_brief"
"business-summary","ready","code_only_not_in_brief","no","file_path","","new_contract_or_internal_review","","","hooks\useBusinessSummary.js | lib\selectors\businessSummarySelectors.js","implemented_contract_not_documented_in_brief"
"cost-allocation","base_calculation_inputs","code_only_not_in_brief","no","file_path","","new_contract_or_internal_review","","","hooks\useCostAllocation.js","implemented_contract_not_documented_in_brief"
"cost-allocation","build_cost_allocation_output_contract","code_only_not_in_brief","no","file_path","","new_contract_or_internal_review","","","hooks\cost-allocation\useCostAllocationOutputContract.js | hooks\useCostAllocation.js","implemented_contract_not_documented_in_brief"
"cost-allocation","cost_allocation","code_only_not_in_brief","no","file_path","","new_contract_or_internal_review","","","app\recovery-outcome\page.jsx | components\rate-builder\RateBuilderLineCalculator.jsx | hooks\useRecoveryOutcome.js | lib\calculations\recoveryOutcomeCalculations.js | lib\recovery\recoveryRiskWarningSystem.js","implemented_contract_not_documented_in_brief"
"cost-allocation","cost_allocation_contract","code_only_not_in_brief","no","file_path","","new_contract_or_internal_review","","","app\recovery-outcome\page.jsx","implemented_contract_not_documented_in_brief"
"cost-allocation","fallback_recovery_summary","code_only_not_in_brief","no","file_path","","new_contract_or_internal_review","","","hooks\useCostAllocation.js","implemented_contract_not_documented_in_brief"
"cost-allocation","recovery_outputs","code_only_not_in_brief","no","file_path","","new_contract_or_internal_review","","","lib\calculations\cost-allocation\costAllocationInputBuilder.js","implemented_contract_not_documented_in_brief"
"cost-allocation","recovery_summary","code_only_not_in_brief","no","file_path","","new_contract_or_internal_review","","","hooks\useCostAllocation.js | lib\calculations\cost-allocation\costAllocationInputBuilder.js","implemented_contract_not_documented_in_brief"
"cost-summary","category_totals","code_only_not_in_brief","no","file_path","","new_contract_or_internal_review","","","hooks\useCostSummary.js","implemented_contract_not_documented_in_brief"
"cost-summary","cost_summary","code_only_not_in_brief","no","file_path","","new_contract_or_internal_review","","","hooks\useBusinessSummary.js | hooks\useQuoteEngine.js | hooks\useRevenueSummary.js | lib\audit\buildLiveAuditSnapshotExport.js","implemented_contract_not_documented_in_brief"
"cost-summary","employer_contribution_totals","code_only_not_in_brief","no","file_path","","new_contract_or_internal_review","","","hooks\useCostSummary.js","implemented_contract_not_documented_in_brief"
"cost-summary","entitlement_totals","code_only_not_in_brief","no","file_path","","new_contract_or_internal_review","","","hooks\useCostSummary.js","implemented_contract_not_documented_in_brief"
"cost-summary","legacy_display","code_only_not_in_brief","no","file_path","","new_contract_or_internal_review","","","hooks\useCostSummary.js","implemented_contract_not_documented_in_brief"
"general-overheads","actions","code_only_not_in_brief","no","file_path","","new_contract_or_internal_review","","","hooks\useGeneralOverheads.js","implemented_contract_not_documented_in_brief"
"general-overheads","allocation_outputs","code_only_not_in_brief","no","file_path","","new_contract_or_internal_review","","","hooks\useGeneralOverheads.js","implemented_contract_not_documented_in_brief"
"general-overheads","build_general_overhead_allocation_outputs","code_only_not_in_brief","no","file_path","","new_contract_or_internal_review","","","hooks\useGeneralOverheads.js","implemented_contract_not_documented_in_brief"
"general-overheads","current_overhead_state","code_only_not_in_brief","no","file_path","","new_contract_or_internal_review","","","hooks\useGeneralOverheads.js","implemented_contract_not_documented_in_brief"
"general-overheads","employee_overheads_check","code_only_not_in_brief","no","file_path","","new_contract_or_internal_review","","","lib\reconciliation\reconciliationRules.js","implemented_contract_not_documented_in_brief"
"general-overheads","general_overheads","code_only_not_in_brief","no","file_path","","new_contract_or_internal_review","","","app\cost-summary\page.jsx | components\model-readiness\ModelReadinessAuditPanel.jsx | hooks\useBusinessSummary.js | hooks\useCostSummary.js | hooks\useQuoteEngine.js | hooks\useRecoverySummary.js","implemented_contract_not_documented_in_brief"
"general-overheads","overhead_state","code_only_not_in_brief","no","file_path","","new_contract_or_internal_review","","","hooks\useGeneralOverheads.js | lib\selectors\general-overheads\generalOverheadCardSelector.js","implemented_contract_not_documented_in_brief"
"general-overheads","pool_key","code_only_not_in_brief","no","file_path","","new_contract_or_internal_review","","","components\general-overheads\GeneralOverheadSummaryCard.jsx","implemented_contract_not_documented_in_brief"
"general-overheads","system_allocation_amount_overrides","code_only_not_in_brief","no","file_path","","new_contract_or_internal_review","","","hooks\useGeneralOverheads.js","implemented_contract_not_documented_in_brief"
"labour","build_active_labour_rate_model_for_calculation","code_only_not_in_brief","no","file_path","","new_contract_or_internal_review","","","hooks\rate-builder\useRateBuilderLabourRates.js","implemented_contract_not_documented_in_brief"
"labour","build_all_labour_type_rows","code_only_not_in_brief","no","file_path","","new_contract_or_internal_review","","","hooks\useCostAllocation.js | lib\calculations\cost-allocation\costAllocationLabourAdapter.js","implemented_contract_not_documented_in_brief"
"labour","build_cost_allocation_output_contract","code_only_not_in_brief","no","file_path","","new_contract_or_internal_review","","","hooks\rate-builder\useRateBuilderLabourRates.js | lib\selectors\rate-builder\rateBuilderLabourModelSelectors.js","implemented_contract_not_documented_in_brief"
"labour","build_labour_rate_result_metrics","code_only_not_in_brief","no","file_path","","new_contract_or_internal_review","","","hooks\rate-builder\useRateBuilderLabourRates.js","implemented_contract_not_documented_in_brief"
"labour","build_labour_type_rows_by_class","code_only_not_in_brief","no","file_path","","new_contract_or_internal_review","","","lib\calculations\cost-allocation\costAllocationLabourAdapter.js","implemented_contract_not_documented_in_brief"
"labour","build_productive_labour_type_rows","code_only_not_in_brief","no","file_path","","new_contract_or_internal_review","","","hooks\useCostAllocation.js | lib\calculations\cost-allocation\costAllocationLabourAdapter.js","implemented_contract_not_documented_in_brief"
"labour","build_support_labour_type_rows","code_only_not_in_brief","no","file_path","","new_contract_or_internal_review","","","hooks\useCostAllocation.js | lib\calculations\cost-allocation\costAllocationLabourAdapter.js","implemented_contract_not_documented_in_brief"
"labour","cost_allocation","code_only_not_in_brief","no","file_path","","new_contract_or_internal_review","","","hooks\rate-builder\useRateBuilderLabourRates.js | lib\selectors\rate-builder\rateBuilderLabourModelSelectors.js","implemented_contract_not_documented_in_brief"
"labour","get_nested_value","code_only_not_in_brief","no","file_path","","new_contract_or_internal_review","","","lib\selectors\rate-builder\rateBuilderLabourSourceSelectors.js","implemented_contract_not_documented_in_brief"
"labour","labour","code_only_not_in_brief","no","file_path","","new_contract_or_internal_review","","","app\cost-summary\page.jsx | hooks\useBusinessSummary.js | hooks\useQuoteEngine.js | hooks\useRecoverySummary.js","implemented_contract_not_documented_in_brief"
"labour","labour_based","code_only_not_in_brief","no","file_path","","new_contract_or_internal_review","","","hooks\useRevenueReality.js | lib\calculations\recoverySummaryCalculations.js","implemented_contract_not_documented_in_brief"
"labour","labour_data","code_only_not_in_brief","no","file_path","","new_contract_or_internal_review","","","hooks\useCostSummary.js","implemented_contract_not_documented_in_brief"
"labour","labour_pct","code_only_not_in_brief","no","file_path","","new_contract_or_internal_review","","","lib\selectors\quickStartSelectors.js","implemented_contract_not_documented_in_brief"
"labour","labour_profiles","code_only_not_in_brief","no","file_path","","new_contract_or_internal_review","","","hooks\useEmployeeOverheads.js","implemented_contract_not_documented_in_brief"
"labour","labour_rate_reality_check","code_only_not_in_brief","no","file_path","","new_contract_or_internal_review","","","lib\selectors\quickStartSelectors.js","implemented_contract_not_documented_in_brief"
"labour","labour_value","code_only_not_in_brief","no","file_path","","new_contract_or_internal_review","","","lib\selectors\quickStartSelectors.js","implemented_contract_not_documented_in_brief"
"labour","productive_labour_types","code_only_not_in_brief","no","file_path","","new_contract_or_internal_review","","","hooks\useCostSummary.js","implemented_contract_not_documented_in_brief"
"labour","recovery_plan","code_only_not_in_brief","no","file_path","","new_contract_or_internal_review","","","lib\selectors\rate-builder\rateBuilderLabourModelSelectors.js | lib\selectors\rate-builder\rateBuilderLabourSourceSelectors.js","implemented_contract_not_documented_in_brief"
"labour","required_labour_class","code_only_not_in_brief","no","file_path","","new_contract_or_internal_review","","","lib\calculations\cost-allocation\costAllocationLabourAdapter.js","implemented_contract_not_documented_in_brief"
"labour","safe_array","code_only_not_in_brief","no","file_path","","new_contract_or_internal_review","","","lib\calculations\cost-allocation\costAllocationLabourAdapter.js","implemented_contract_not_documented_in_brief"
"model-readiness","model_readiness","code_only_not_in_brief","no","file_path","","new_contract_or_internal_review","","","app\cost-summary\page.jsx | hooks\useBusinessSummary.js | hooks\useCostSummary.js | hooks\useQuoteEngine.js | hooks\useRecoverySummary.js | lib\selectors\costSummarySelectors.js","implemented_contract_not_documented_in_brief"
"module-reconciliation","has_legacy_running_cost","code_only_not_in_brief","no","file_path","","new_contract_or_internal_review","","","lib\reconciliation\reconciliationRules.js","implemented_contract_not_documented_in_brief"
"module-reconciliation","legacy_running_cost_check","code_only_not_in_brief","no","file_path","","new_contract_or_internal_review","","","lib\reconciliation\reconciliationRules.js","implemented_contract_not_documented_in_brief"
"p-and-l","build_general_overheads_from_pnl","code_only_not_in_brief","no","file_path","","new_contract_or_internal_review","","","hooks\useGeneralOverheads.js","implemented_contract_not_documented_in_brief"
"p-and-l","build_pnl_sync_signature","code_only_not_in_brief","no","file_path","","new_contract_or_internal_review","","","hooks\useGeneralOverheads.js","implemented_contract_not_documented_in_brief"
"p-and-l","build_reconciliation","code_only_not_in_brief","no","file_path","","new_contract_or_internal_review","","","lib\selectors\profitAndLossSelectors.js","implemented_contract_not_documented_in_brief"
"p-and-l","build_unassigned_details","code_only_not_in_brief","no","file_path","","new_contract_or_internal_review","","","lib\selectors\profitAndLossSelectors.js","implemented_contract_not_documented_in_brief"
"p-and-l","build_warnings","code_only_not_in_brief","no","file_path","","new_contract_or_internal_review","","","lib\selectors\profitAndLossSelectors.js","implemented_contract_not_documented_in_brief | warnings_field"
"p-and-l","format_number","code_only_not_in_brief","no","file_path","","new_contract_or_internal_review","","","lib\selectors\profitAndLossSelectors.js","implemented_contract_not_documented_in_brief"
"p-and-l","good","code_only_not_in_brief","no","file_path","","new_contract_or_internal_review","","","components\p-and-l\ProfitAndLossStatusStrip.jsx | lib\selectors\profitAndLossSelectors.js","implemented_contract_not_documented_in_brief"
"p-and-l","label","code_only_not_in_brief","no","file_path","","new_contract_or_internal_review","","","lib\selectors\profitAndLossSelectors.js","implemented_contract_not_documented_in_brief"
"p-and-l","pnl_sync_signature","code_only_not_in_brief","no","file_path","","new_contract_or_internal_review","","","hooks\useGeneralOverheads.js","implemented_contract_not_documented_in_brief"
"p-and-l","profit_and_loss","code_only_not_in_brief","no","file_path","","new_contract_or_internal_review","","","components\model-readiness\ModelReadinessAuditPanel.jsx | hooks\useRevenueCogs.js","implemented_contract_not_documented_in_brief"
"p-and-l","profit_and_loss_state","code_only_not_in_brief","no","file_path","","new_contract_or_internal_review","","","hooks\useGeneralOverheads.js | hooks\useProfitAndLoss.js","implemented_contract_not_documented_in_brief"
"p-and-l","Ready","code_only_not_in_brief","no","file_path","","new_contract_or_internal_review","","","lib\selectors\profitAndLossSelectors.js","implemented_contract_not_documented_in_brief"
"p-and-l","reconciliation","code_only_not_in_brief","no","file_path","","new_contract_or_internal_review","","","lib\selectors\profitAndLossSelectors.js","implemented_contract_not_documented_in_brief"
"p-and-l","state","code_only_not_in_brief","no","file_path","","new_contract_or_internal_review","","","hooks\useProfitAndLoss.js | lib\storage\profitAndLossProfileStorage.js","implemented_contract_not_documented_in_brief"
"p-and-l","summary","code_only_not_in_brief","no","file_path","","new_contract_or_internal_review","","","lib\selectors\profitAndLossSelectors.js","implemented_contract_not_documented_in_brief"
"p-and-l","tone","code_only_not_in_brief","no","file_path","","new_contract_or_internal_review","","","components\p-and-l\ProfitAndLossProgressPanel.jsx | lib\selectors\profitAndLossSelectors.js","implemented_contract_not_documented_in_brief"
"p-and-l","total_business_costs","code_only_not_in_brief","yes","file_path","10_MIRRA_MODULE_RECONCILIATION_v4.0_LOCKED.txt; 04_MIRRA_P_AND_L_PAGE_v4.0_LOCKED.txt","owner_alias_review","","","lib\selectors\profitAndLossSelectors.js","implemented_contract_not_documented_in_brief"
"p-and-l","total_cogs","code_only_not_in_brief","yes","file_path","04_MIRRA_P_AND_L_PAGE_v4.0_LOCKED.txt; 13_MIRRA_REVENUE_COGS_v4.0_LOCKED.txt; 14_MIRRA_BUSINESS_SUMMARY_v4.0_LOCKED.txt; 15_MIRRA_REVENUE_REALITY_v4.0_LOCKED.txt","owner_alias_review","","","lib\selectors\profitAndLossSelectors.js","implemented_contract_not_documented_in_brief"
"p-and-l","total_cost_of_sales","code_only_not_in_brief","yes","file_path","04_MIRRA_P_AND_L_PAGE_v4.0_LOCKED.txt","owner_alias_review","","","lib\selectors\profitAndLossSelectors.js","implemented_contract_not_documented_in_brief"
"p-and-l","total_direct_costs","code_only_not_in_brief","yes","file_path","04_MIRRA_P_AND_L_PAGE_v4.0_LOCKED.txt; 13_MIRRA_REVENUE_COGS_v4.0_LOCKED.txt; 14_MIRRA_BUSINESS_SUMMARY_v4.0_LOCKED.txt; 15_MIRRA_REVENUE_REALITY_v4.0_LOCKED.txt","owner_alias_review","","","lib\selectors\profitAndLossSelectors.js","implemented_contract_not_documented_in_brief"
"p-and-l","unassigned_balance","code_only_not_in_brief","yes","file_path","10_MIRRA_MODULE_RECONCILIATION_v4.0_LOCKED.txt; 04_MIRRA_P_AND_L_PAGE_v4.0_LOCKED.txt","owner_alias_review","","","lib\selectors\profitAndLossSelectors.js","implemented_contract_not_documented_in_brief"
"p-and-l","unassigned_details","code_only_not_in_brief","yes","file_path","04_MIRRA_P_AND_L_PAGE_v4.0_LOCKED.txt","owner_alias_review","","","components\p-and-l\ProfitAndLossMainCard.jsx | lib\selectors\profitAndLossSelectors.js","implemented_contract_not_documented_in_brief"
"p-and-l","unreviewed_interest_count","code_only_not_in_brief","yes","file_path","04_MIRRA_P_AND_L_PAGE_v4.0_LOCKED.txt","owner_alias_review","","","lib\selectors\profitAndLossSelectors.js","implemented_contract_not_documented_in_brief"
"p-and-l","unreviewed_interest_total","code_only_not_in_brief","yes","file_path","04_MIRRA_P_AND_L_PAGE_v4.0_LOCKED.txt","owner_alias_review","","","lib\selectors\profitAndLossSelectors.js","implemented_contract_not_documented_in_brief"
"p-and-l","value","code_only_not_in_brief","no","file_path","","new_contract_or_internal_review","","","lib\selectors\profitAndLossSelectors.js","implemented_contract_not_documented_in_brief"
"p-and-l","variance","code_only_not_in_brief","no","file_path","","new_contract_or_internal_review","","","lib\selectors\profitAndLossSelectors.js","implemented_contract_not_documented_in_brief"
"p-and-l","warn","code_only_not_in_brief","no","file_path","","new_contract_or_internal_review","","","components\p-and-l\ProfitAndLossStatusStrip.jsx | lib\selectors\profitAndLossSelectors.js","implemented_contract_not_documented_in_brief"
"p-and-l","warnings","code_only_not_in_brief","no","file_path","","new_contract_or_internal_review","","","lib\selectors\profitAndLossSelectors.js","implemented_contract_not_documented_in_brief"
"recovery-summary","recovery_summary","code_only_not_in_brief","no","file_path","","new_contract_or_internal_review","","","app\recovery-outcome\page.jsx | lib\calculations\recoveryOutcomeCalculations.js | lib\recovery\recoveryRiskWarningSystem.js","implemented_contract_not_documented_in_brief"
"recovery-summary","recovery_summary_contract","code_only_not_in_brief","no","file_path","","new_contract_or_internal_review","","","app\recovery-outcome\page.jsx","implemented_contract_not_documented_in_brief"
"revenue-cogs","business_setup","code_only_not_in_brief","no","file_path","","new_contract_or_internal_review","","","hooks\useRevenueCogs.js","implemented_contract_not_documented_in_brief"
"revenue-cogs","business_type","code_only_not_in_brief","yes","file_path","12_MIRRA_BUSINESS_SETUP_v4.0_LOCKED.txt; 13_MIRRA_REVENUE_COGS_v4.0_LOCKED.txt; 14_MIRRA_BUSINESS_SUMMARY_v4.0_LOCKED.txt; 15_MIRRA_REVENUE_REALITY_v4.0_LOCKED.txt","owner_alias_review","","","hooks\useRevenueCogs.js","implemented_contract_not_documented_in_brief"
"revenue-cogs","calculations","code_only_not_in_brief","no","file_path","","new_contract_or_internal_review","","","hooks\useRevenueCogs.js","implemented_contract_not_documented_in_brief"
"revenue-cogs","cost_of_sales_lines","code_only_not_in_brief","yes","file_path","13_MIRRA_REVENUE_COGS_v4.0_LOCKED.txt","owner_alias_review","","","hooks\useRevenueCogs.js","implemented_contract_not_documented_in_brief"
"revenue-cogs","direct_cost_categories","code_only_not_in_brief","yes","file_path","13_MIRRA_REVENUE_COGS_v4.0_LOCKED.txt","owner_alias_review","","","hooks\useRevenueCogs.js","implemented_contract_not_documented_in_brief"
"revenue-cogs","labour_based","code_only_not_in_brief","no","file_path","","new_contract_or_internal_review","","","hooks\useRevenueCogs.js","implemented_contract_not_documented_in_brief"
"revenue-cogs","revenue_cogs","code_only_not_in_brief","no","file_path","","new_contract_or_internal_review","","","hooks\useBusinessSummary.js | hooks\useRecoverySummary.js | hooks\useRevenueReality.js","implemented_contract_not_documented_in_brief"
"revenue-cogs","revenue_cogs_state","code_only_not_in_brief","no","file_path","","new_contract_or_internal_review","","","hooks\useRevenueCogs.js","implemented_contract_not_documented_in_brief"
"revenue-reality","business_setup","code_only_not_in_brief","no","file_path","","new_contract_or_internal_review","","","hooks\useRevenueReality.js","implemented_contract_not_documented_in_brief"
"revenue-reality","business_type","code_only_not_in_brief","yes","file_path","12_MIRRA_BUSINESS_SETUP_v4.0_LOCKED.txt; 13_MIRRA_REVENUE_COGS_v4.0_LOCKED.txt; 14_MIRRA_BUSINESS_SUMMARY_v4.0_LOCKED.txt; 15_MIRRA_REVENUE_REALITY_v4.0_LOCKED.txt","owner_alias_review","","","hooks\useRevenueReality.js | lib\calculations\revenueRealityCalculations.js","implemented_contract_not_documented_in_brief"
"revenue-reality","calculations","code_only_not_in_brief","no","file_path","","new_contract_or_internal_review","","","hooks\useRevenueReality.js","implemented_contract_not_documented_in_brief"
"revenue-reality","is_product_based","code_only_not_in_brief","yes","file_path","12_MIRRA_BUSINESS_SETUP_v4.0_LOCKED.txt; 14_MIRRA_BUSINESS_SUMMARY_v4.0_LOCKED.txt; 15_MIRRA_REVENUE_REALITY_v4.0_LOCKED.txt","owner_alias_review","","","hooks\useRevenueReality.js | lib\calculations\revenueRealityCalculations.js","implemented_contract_not_documented_in_brief | readiness_field"
"revenue-reality","total_revenue","code_only_not_in_brief","yes","file_path","30_MIRRA_BUSINESS_MODELLING_v4.0_LOCKED.txt; 15_MIRRA_REVENUE_REALITY_v4.0_LOCKED.txt; 14_MIRRA_BUSINESS_SUMMARY_v4.0_LOCKED.txt; 04_MIRRA_P_AND_L_PAGE_v4.0_LOCKED.txt; 13_MIRRA_REVENUE_COGS_v4.0_LOCKED.txt","owner_alias_review","","","components\revenue-reality\RevenueRealityStatusStrip.jsx | hooks\useRevenueReality.js | lib\calculations\revenueRealityCalculations.js","implemented_contract_not_documented_in_brief"
