"module_name","variable_name","prior_recommended_action","pass_4_decision","reviewer_notes","code_files","notes"
"assets","asset_operator","manual_owner_review_before_briefing","add_to_current_module_contract","Asset-owned output/status field emitted by the Assets module. Add to Assets output contract.","lib\selectors\quickStartSelectors.js","implemented_contract_not_documented_in_brief"
"assets","asset_review_required","manual_owner_review_before_briefing","add_to_current_module_contract","Asset-owned output/status field emitted by the Assets module. Add to Assets output contract.","hooks\useAssets.js | hooks\useCostSummary.js | hooks\useGeneralOverheads.js","implemented_contract_not_documented_in_brief"
"labour","labour_based","manual_owner_review_before_briefing","add_to_current_module_contract","Labour-owned output/classification value emitted by the Labour module. Add to Labour output contract.","hooks\useRevenueReality.js | lib\calculations\recoverySummaryCalculations.js","implemented_contract_not_documented_in_brief"
"labour","labour_benchmark_total","manual_review_required","add_to_current_module_contract","Labour-owned output/classification value emitted by the Labour module. Add to Labour output contract.","lib\reconciliation\reconciliationRules.js","implemented_contract_not_documented_in_brief"
"labour","labour_pct","manual_owner_review_before_briefing","add_to_current_module_contract","Labour-owned output/classification value emitted by the Labour module. Add to Labour output contract.","lib\selectors\quickStartSelectors.js","implemented_contract_not_documented_in_brief"
"labour","labour_value","manual_owner_review_before_briefing","add_to_current_module_contract","Labour-owned output/classification value emitted by the Labour module. Add to Labour output contract.","lib\selectors\quickStartSelectors.js","implemented_contract_not_documented_in_brief"
"labour","required_labour_class","manual_owner_review_before_briefing","add_to_current_module_contract","Labour-owned output/classification value emitted by the Labour module. Add to Labour output contract.","lib\calculations\cost-allocation\costAllocationLabourAdapter.js","implemented_contract_not_documented_in_brief"
"p-and-l","total_other_income","manual_review_required","add_to_current_module_contract","Real P&L commercial value emitted by P&L. Add to P&L output contract.","lib\selectors\profitAndLossSelectors.js","implemented_contract_not_documented_in_brief"
"p-and-l","warnings","add_to_v5_module_brief_output_contract","add_to_current_module_contract","Standard module warning output. Add to P&L output contract.","lib\selectors\profitAndLossSelectors.js","implemented_contract_not_documented_in_brief"
