module_name,variable_name,update_type,recommended_action,priority,reason,code_files,notes
assets,active_assets,add_implemented_output_contract_to_brief,add_to_v5_module_brief,P1,Implemented output contract exists in code but is not documented in v5.0 brief.,hooks\cost-allocation\useCostAllocationAssetOverlay.js | hooks\useAssets.js | hooks\useCostAllocation.js | hooks\useCostSummary.js | lib\reconciliation\reconciliationRules.js,implemented_contract_not_documented_in_brief
assets,asset_detail,add_implemented_output_contract_to_brief,add_to_v5_module_brief,P1,Implemented output contract exists in code but is not documented in v5.0 brief.,hooks\useCostSummary.js,implemented_contract_not_documented_in_brief
assets,asset_finance_benchmark_total,add_implemented_output_contract_to_brief,add_to_v5_module_brief,P1,Implemented output contract exists in code but is not documented in v5.0 brief.,lib\reconciliation\reconciliationRules.js,implemented_contract_not_documented_in_brief
assets,asset_interest_annual,add_implemented_output_contract_to_brief,add_to_v5_module_brief,P1,Implemented output contract exists in code but is not documented in v5.0 brief.,hooks\useAssets.js | lib\reconciliation\reconciliationRules.js,implemented_contract_not_documented_in_brief
assets,asset_operator,add_implemented_output_contract_to_brief,add_to_v5_module_brief,P1,Implemented output contract exists in code but is not documented in v5.0 brief.,lib\selectors\quickStartSelectors.js,implemented_contract_not_documented_in_brief
assets,asset_output_contract,add_implemented_output_contract_to_brief,add_to_v5_module_brief,P1,Implemented output contract exists in code but is not documented in v5.0 brief.,hooks\cost-allocation\useCostAllocationAssetOverlay.js | hooks\useCostAllocation.js | hooks\useCostSummary.js | lib\reconciliation\moduleReconciliation.js | lib\reconciliation\reconciliationRules.js,implemented_contract_not_documented_in_brief
assets,asset_outputs,add_implemented_output_contract_to_brief,add_to_v5_module_brief,P1,Implemented output contract exists in code but is not documented in v5.0 brief.,hooks\useRecoverySummary.js,implemented_contract_not_documented_in_brief
assets,asset_overhead_pool_assignment_summary,add_implemented_output_contract_to_brief,add_to_v5_module_brief,P1,Implemented output contract exists in code but is not documented in v5.0 brief.,hooks\useAssets.js | hooks\useCostSummary.js,implemented_contract_not_documented_in_brief
assets,asset_overhead_pools,add_implemented_output_contract_to_brief,add_to_v5_module_brief,P1,Implemented output contract exists in code but is not documented in v5.0 brief.,components\general-overheads\GeneralOverheadSummaryCard.jsx | hooks\useAssets.js | hooks\useGeneralOverheads.js,implemented_contract_not_documented_in_brief
assets,asset_recovery_overlay,add_implemented_output_contract_to_brief,add_to_v5_module_brief,P1,Implemented output contract exists in code but is not documented in v5.0 brief.,hooks\useCostAllocation.js,implemented_contract_not_documented_in_brief
assets,asset_related_unassigned_cost,add_implemented_output_contract_to_brief,add_to_v5_module_brief,P1,Implemented output contract exists in code but is not documented in v5.0 brief.,hooks\useAssets.js | hooks\useCostSummary.js | hooks\useGeneralOverheads.js,implemented_contract_not_documented_in_brief
assets,asset_review_required,add_implemented_output_contract_to_brief,add_to_v5_module_brief,P1,Implemented output contract exists in code but is not documented in v5.0 brief.,hooks\useAssets.js | hooks\useCostSummary.js | hooks\useGeneralOverheads.js,implemented_contract_not_documented_in_brief
assets,asset_status,add_implemented_output_contract_to_brief,add_to_v5_module_brief,P1,Implemented output contract exists in code but is not documented in v5.0 brief.,components\assets\AssetForm.jsx | lib\reconciliation\moduleReconciliation.js | lib\reconciliation\reconciliationRules.js,implemented_contract_not_documented_in_brief | status_field
assets,assets,add_implemented_output_contract_to_brief,add_to_v5_module_brief,P1,Implemented output contract exists in code but is not documented in v5.0 brief.,app\cost-summary\page.jsx | components\business-summary\BusinessSummaryCard.jsx | components\business-summary\BusinessSummaryHierarchyBuilder.js | components\business-summary\BusinessSummaryMacroPositionCard.jsx | hooks\useAssets.js | hooks\useBusinessSummary.js | hooks\useCostSummary.js | hooks\useQuoteEngine.js | hooks\useRecoverySummary.js,implemented_contract_not_documented_in_brief
assets,assets_benchmark_total,add_implemented_output_contract_to_brief,add_to_v5_module_brief,P1,Implemented output contract exists in code but is not documented in v5.0 brief.,hooks\useAssets.js | lib\reconciliation\reconciliationRules.js | lib\selectors\assetSelectors.js | lib\storage\assetStorage.js,implemented_contract_not_documented_in_brief
assets,assets_output,add_implemented_output_contract_to_brief,add_to_v5_module_brief,P1,Implemented output contract exists in code but is not documented in v5.0 brief.,components\model-readiness\ModelReadinessAuditPanel.jsx,implemented_contract_not_documented_in_brief
assets,assigned_asset_overhead_cost,add_implemented_output_contract_to_brief,add_to_v5_module_brief,P1,Implemented output contract exists in code but is not documented in v5.0 brief.,hooks\useCostSummary.js,implemented_contract_not_documented_in_brief
assets,assigned_asset_overhead_cost_annual,add_implemented_output_contract_to_brief,add_to_v5_module_brief,P1,Implemented output contract exists in code but is not documented in v5.0 brief.,hooks\useCostSummary.js,implemented_contract_not_documented_in_brief
assets,base_asset_cost_annual,add_implemented_output_contract_to_brief,add_to_v5_module_brief,P1,Implemented output contract exists in code but is not documented in v5.0 brief.,hooks\cost-allocation\useCostAllocationAssetOverlay.js | hooks\useCostSummary.js,implemented_contract_not_documented_in_brief
assets,build_asset_recovery_overlay,add_implemented_output_contract_to_brief,add_to_v5_module_brief,P1,Implemented output contract exists in code but is not documented in v5.0 brief.,hooks\cost-allocation\useCostAllocationAssetOverlay.js,implemented_contract_not_documented_in_brief
assets,default_recovery_hours,add_implemented_output_contract_to_brief,add_to_v5_module_brief,P1,Implemented output contract exists in code but is not documented in v5.0 brief.,hooks\cost-allocation\useCostAllocationAssetOverlay.js,implemented_contract_not_documented_in_brief
assets,excluded_asset_finance_interest_total,add_implemented_output_contract_to_brief,add_to_v5_module_brief,P1,Implemented output contract exists in code but is not documented in v5.0 brief.,lib\reconciliation\reconciliationRules.js,implemented_contract_not_documented_in_brief
assets,general_overheads,add_implemented_output_contract_to_brief,add_to_v5_module_brief,P1,Implemented output contract exists in code but is not documented in v5.0 brief.,hooks\useAssets.js,implemented_contract_not_documented_in_brief
assets,has_productive_asset_recovery_base,add_implemented_output_contract_to_brief,add_to_v5_module_brief,P1,Implemented output contract exists in code but is not documented in v5.0 brief.,hooks\cost-allocation\useCostAllocationOutputContract.js | hooks\useAssets.js | hooks\useBusinessSummary.js | hooks\useCostSummary.js | lib\calculations\cost-allocation\costAllocationInputBuilder.js | lib\calculations\recoverySummaryCalculations.js | lib\selectors\recoverySummarySelectors.js,implemented_contract_not_documented_in_brief
assets,live_assets,add_implemented_output_contract_to_brief,add_to_v5_module_brief,P1,Implemented output contract exists in code but is not documented in v5.0 brief.,hooks\useAssets.js,implemented_contract_not_documented_in_brief
assets,no_active_assets_confirmed,add_implemented_output_contract_to_brief,add_to_v5_module_brief,P1,Implemented output contract exists in code but is not documented in v5.0 brief.,hooks\useAssets.js | lib\reconciliation\reconciliationRules.js | lib\selectors\assetSelectors.js | lib\storage\assetStorage.js,implemented_contract_not_documented_in_brief
assets,output_contract,add_implemented_output_contract_to_brief,add_to_v5_module_brief,P1,Implemented output contract exists in code but is not documented in v5.0 brief.,hooks\useAssets.js,implemented_contract_not_documented_in_brief
assets,productive_asset_cost,add_implemented_output_contract_to_brief,add_to_v5_module_brief,P1,Implemented output contract exists in code but is not documented in v5.0 brief.,hooks\cost-allocation\useCostAllocationAssetOverlay.js | hooks\useBusinessSummary.js | hooks\useCostAllocation.js | hooks\useCostSummary.js,implemented_contract_not_documented_in_brief
assets,productive_asset_recovery_cost_annual,add_implemented_output_contract_to_brief,add_to_v5_module_brief,P1,Implemented output contract exists in code but is not documented in v5.0 brief.,hooks\useCostSummary.js,implemented_contract_not_documented_in_brief
assets,recovery_hours_used,add_implemented_output_contract_to_brief,add_to_v5_module_brief,P1,Implemented output contract exists in code but is not documented in v5.0 brief.,hooks\cost-allocation\useCostAllocationAssetOverlay.js,implemented_contract_not_documented_in_brief
assets,safe_array,add_implemented_output_contract_to_brief,add_to_v5_module_brief,P1,Implemented output contract exists in code but is not documented in v5.0 brief.,hooks\cost-allocation\useCostAllocationAssetOverlay.js,implemented_contract_not_documented_in_brief
assets,safe_number,add_implemented_output_contract_to_brief,add_to_v5_module_brief,P1,Implemented output contract exists in code but is not documented in v5.0 brief.,hooks\cost-allocation\useCostAllocationAssetOverlay.js,implemented_contract_not_documented_in_brief
assets,saved_assets,add_implemented_output_contract_to_brief,add_to_v5_module_brief,P1,Implemented output contract exists in code but is not documented in v5.0 brief.,hooks\useAssets.js | lib\selectors\assetSelectors.js,implemented_contract_not_documented_in_brief
assets,support_asset_cost,add_implemented_output_contract_to_brief,add_to_v5_module_brief,P1,Implemented output contract exists in code but is not documented in v5.0 brief.,hooks\cost-allocation\useCostAllocationAssetOverlay.js | hooks\useBusinessSummary.js | hooks\useCostAllocation.js | hooks\useCostSummary.js,implemented_contract_not_documented_in_brief
assets,support_asset_count,add_implemented_output_contract_to_brief,add_to_v5_module_brief,P1,Implemented output contract exists in code but is not documented in v5.0 brief.,hooks\useAssets.js | hooks\useBusinessSummary.js | hooks\useCostSummary.js,implemented_contract_not_documented_in_brief
assets,total_allocated_asset_overhead_cost_annual,add_implemented_output_contract_to_brief,add_to_v5_module_brief,P1,Implemented output contract exists in code but is not documented in v5.0 brief.,hooks\useCostSummary.js,implemented_contract_not_documented_in_brief
assets,total_asset_interest_annual,add_implemented_output_contract_to_brief,add_to_v5_module_brief,P1,Implemented output contract exists in code but is not documented in v5.0 brief.,hooks\useCostSummary.js | lib\reconciliation\reconciliationRules.js,implemented_contract_not_documented_in_brief
assets,total_asset_recovery_cost_annual,add_implemented_output_contract_to_brief,add_to_v5_module_brief,P1,Implemented output contract exists in code but is not documented in v5.0 brief.,hooks\useAssets.js | hooks\useCostSummary.js,implemented_contract_not_documented_in_brief
assets,total_general_overheads_before_asset_assignment,add_implemented_output_contract_to_brief,add_to_v5_module_brief,P1,Implemented output contract exists in code but is not documented in v5.0 brief.,hooks\useCostSummary.js,implemented_contract_not_documented_in_brief
assets,total_unassigned_asset_related_overhead_cost_annual,add_implemented_output_contract_to_brief,add_to_v5_module_brief,P1,Implemented output contract exists in code but is not documented in v5.0 brief.,hooks\useAssets.js | hooks\useCostSummary.js | hooks\useGeneralOverheads.js,implemented_contract_not_documented_in_brief
business-modelling,active_scenario,add_implemented_output_contract_to_brief,add_to_v5_module_brief,P1,Implemented output contract exists in code but is not documented in v5.0 brief.,hooks\useBusinessModelling.js | lib\selectors\businessModellingSelectors.js,implemented_contract_not_documented_in_brief
business-modelling,baseline,add_implemented_output_contract_to_brief,add_to_v5_module_brief,P1,Implemented output contract exists in code but is not documented in v5.0 brief.,hooks\useBusinessModelling.js,implemented_contract_not_documented_in_brief
business-modelling,baseline_snapshot,add_implemented_output_contract_to_brief,add_to_v5_module_brief,P1,Implemented output contract exists in code but is not documented in v5.0 brief.,hooks\useBusinessModelling.js | lib\calculations\businessModellingCalculations.js | lib\storage\businessModellingStorage.js,implemented_contract_not_documented_in_brief
business-modelling,blocked,add_implemented_output_contract_to_brief,add_to_v5_module_brief,P1,Implemented output contract exists in code but is not documented in v5.0 brief.,hooks\useBusinessModelling.js | lib\calculations\businessModellingCalculations.js | lib\selectors\businessModellingSelectors.js,implemented_contract_not_documented_in_brief
business-modelling,business_modelling_state,add_implemented_output_contract_to_brief,add_to_v5_module_brief,P1,Implemented output contract exists in code but is not documented in v5.0 brief.,hooks\useBusinessModelling.js,implemented_contract_not_documented_in_brief
business-modelling,current_margin_per_productive_hour,add_implemented_output_contract_to_brief,add_to_v5_module_brief,P1,Implemented output contract exists in code but is not documented in v5.0 brief.,hooks\useBusinessModelling.js,implemented_contract_not_documented_in_brief
business-modelling,has_baseline,add_implemented_output_contract_to_brief,add_to_v5_module_brief,P1,Implemented output contract exists in code but is not documented in v5.0 brief.,hooks\useBusinessModelling.js,implemented_contract_not_documented_in_brief
business-modelling,modelling_ready,add_implemented_output_contract_to_brief,add_to_v5_module_brief,P1,Implemented output contract exists in code but is not documented in v5.0 brief.,app\business-modelling\page.jsx | hooks\useBusinessModelling.js | lib\selectors\businessModellingSelectors.js,implemented_contract_not_documented_in_brief | readiness_field
business-modelling,output_contract,add_implemented_output_contract_to_brief,add_to_v5_module_brief,P1,Implemented output contract exists in code but is not documented in v5.0 brief.,hooks\useBusinessModelling.js,implemented_contract_not_documented_in_brief
business-modelling,recovery_gap_per_hour,add_implemented_output_contract_to_brief,add_to_v5_module_brief,P1,Implemented output contract exists in code but is not documented in v5.0 brief.,app\business-modelling\page.jsx | components\business-modelling\BusinessModellingBaselineCard.jsx | hooks\useBusinessModelling.js | lib\calculations\businessModellingCalculations.js | lib\selectors\businessModellingSelectors.js,implemented_contract_not_documented_in_brief
business-modelling,summaryBlocked,add_implemented_output_contract_to_brief,add_to_v5_module_brief,P1,Implemented output contract exists in code but is not documented in v5.0 brief.,hooks\useBusinessModelling.js,implemented_contract_not_documented_in_brief
business-modelling,summaryWarnings,add_implemented_output_contract_to_brief,add_to_v5_module_brief,P1,Implemented output contract exists in code but is not documented in v5.0 brief.,hooks\useBusinessModelling.js,implemented_contract_not_documented_in_brief
business-modelling,summary_status,add_implemented_output_contract_to_brief,add_to_v5_module_brief,P1,Implemented output contract exists in code but is not documented in v5.0 brief.,hooks\useBusinessModelling.js,implemented_contract_not_documented_in_brief | status_field
business-modelling,total_available_hours_before_productivity,add_implemented_output_contract_to_brief,add_to_v5_module_brief,P1,Implemented output contract exists in code but is not documented in v5.0 brief.,hooks\useBusinessModelling.js,implemented_contract_not_documented_in_brief
business-modelling,total_revenue,add_implemented_output_contract_to_brief,add_to_v5_module_brief,P1,Implemented output contract exists in code but is not documented in v5.0 brief.,hooks\useBusinessModelling.js,implemented_contract_not_documented_in_brief
business-modelling,weighted_productivity_percent,add_implemented_output_contract_to_brief,add_to_v5_module_brief,P1,Implemented output contract exists in code but is not documented in v5.0 brief.,hooks\useBusinessModelling.js,implemented_contract_not_documented_in_brief
business-setup,business_setup_output_contract,add_implemented_output_contract_to_brief,add_to_v5_module_brief,P1,Implemented output contract exists in code but is not documented in v5.0 brief.,hooks\useRevenueCogs.js | hooks\useRevenueReality.js,implemented_contract_not_documented_in_brief
business-setup,business_setup_state,add_implemented_output_contract_to_brief,add_to_v5_module_brief,P1,Implemented output contract exists in code but is not documented in v5.0 brief.,hooks\useBusinessSetup.js,implemented_contract_not_documented_in_brief
business-setup,output_contract,add_implemented_output_contract_to_brief,add_to_v5_module_brief,P1,Implemented output contract exists in code but is not documented in v5.0 brief.,hooks\useBusinessSetup.js,implemented_contract_not_documented_in_brief
business-summary,business_recovery_hours,add_implemented_output_contract_to_brief,add_to_v5_module_brief,P1,Implemented output contract exists in code but is not documented in v5.0 brief.,hooks\useBusinessSummary.js,implemented_contract_not_documented_in_brief
business-summary,business_summary,add_implemented_output_contract_to_brief,add_to_v5_module_brief,P1,Implemented output contract exists in code but is not documented in v5.0 brief.,hooks\useBusinessModelling.js | hooks\useQuoteEngine.js | hooks\useRecoverySummary.js | hooks\useRevenueReality.js | lib\recovery\recoveryRiskWarningSystem.js,implemented_contract_not_documented_in_brief
business-summary,business_summary_output_contract,add_implemented_output_contract_to_brief,add_to_v5_module_brief,P1,Implemented output contract exists in code but is not documented in v5.0 brief.,hooks\useBusinessModelling.js | hooks\useQuoteEngine.js | hooks\useRevenueReality.js | lib\calculations\quoteEngineCalculations.js,implemented_contract_not_documented_in_brief
business-summary,business_summary_outputs,add_implemented_output_contract_to_brief,add_to_v5_module_brief,P1,Implemented output contract exists in code but is not documented in v5.0 brief.,hooks\useRecoverySummary.js,implemented_contract_not_documented_in_brief
business-summary,business_summary_usable,add_implemented_output_contract_to_brief,add_to_v5_module_brief,P1,Implemented output contract exists in code but is not documented in v5.0 brief.,hooks\useBusinessModelling.js,implemented_contract_not_documented_in_brief
business-summary,business_summary_warnings,add_implemented_output_contract_to_brief,add_to_v5_module_brief,P1,Implemented output contract exists in code but is not documented in v5.0 brief.,app\business-summary\page.jsx | components\business-summary\BusinessSummaryStatusStrip.jsx | hooks\useBusinessModelling.js | hooks\useBusinessSummary.js | hooks\useQuoteEngine.js | lib\calculations\businessModellingCalculations.js | lib\selectors\businessSummarySelectors.js | lib\selectors\quoteEngineSelectors.js,implemented_contract_not_documented_in_brief | warnings_field
business-summary,business_type,add_implemented_output_contract_to_brief,add_to_v5_module_brief,P1,Implemented output contract exists in code but is not documented in v5.0 brief.,hooks\useBusinessSummary.js,implemented_contract_not_documented_in_brief
business-summary,calculations,add_implemented_output_contract_to_brief,add_to_v5_module_brief,P1,Implemented output contract exists in code but is not documented in v5.0 brief.,hooks\useBusinessSummary.js,implemented_contract_not_documented_in_brief
business-summary,cost_burden_breakdown,add_implemented_output_contract_to_brief,add_to_v5_module_brief,P1,Implemented output contract exists in code but is not documented in v5.0 brief.,hooks\useBusinessSummary.js,implemented_contract_not_documented_in_brief
business-summary,is_product_based,add_implemented_output_contract_to_brief,add_to_v5_module_brief,P1,Implemented output contract exists in code but is not documented in v5.0 brief.,app\business-summary\page.jsx | components\business-summary\BusinessSummaryCard.jsx | components\business-summary\BusinessSummaryHierarchyBuilder.js | hooks\useBusinessSummary.js | lib\calculations\businessSummaryCalculations.js | lib\selectors\businessSummarySelectors.js,implemented_contract_not_documented_in_brief | readiness_field
business-summary,margin_pool,add_implemented_output_contract_to_brief,add_to_v5_module_brief,P1,Implemented output contract exists in code but is not documented in v5.0 brief.,components\recovery-summary\main-card\RecoveryOutcomeDetail.jsx | components\recovery-summary\main-card\recoverySummaryWarningHelpers.js | components\recovery-summary\recoverySummaryWarningDetails.js | hooks\useBusinessModelling.js | hooks\useBusinessSummary.js | hooks\useRevenueReality.js | lib\calculations\recoverySummaryCalculations.js | lib\recovery\recoveryRiskWarningSystem.js | lib\selectors\businessSummarySelectors.js,implemented_contract_not_documented_in_brief
business-summary,net_position,add_implemented_output_contract_to_brief,add_to_v5_module_brief,P1,Implemented output contract exists in code but is not documented in v5.0 brief.,components\recovery-summary\recoverySummaryWarningDetails.js | hooks\useBusinessModelling.js | lib\calculations\recoveryOutcomeCalculations.js | lib\calculations\recoverySummaryCalculations.js | lib\selectors\businessSummarySelectors.js,implemented_contract_not_documented_in_brief
business-summary,operating_recovery_hours,add_implemented_output_contract_to_brief,add_to_v5_module_brief,P1,Implemented output contract exists in code but is not documented in v5.0 brief.,hooks\useBusinessSummary.js,implemented_contract_not_documented_in_brief
business-summary,output_contract,add_implemented_output_contract_to_brief,add_to_v5_module_brief,P1,Implemented output contract exists in code but is not documented in v5.0 brief.,hooks\useBusinessSummary.js,implemented_contract_not_documented_in_brief
business-summary,people,add_implemented_output_contract_to_brief,add_to_v5_module_brief,P1,Implemented output contract exists in code but is not documented in v5.0 brief.,components\business-summary\BusinessSummaryCard.jsx | components\business-summary\BusinessSummaryHierarchyBuilder.js | components\business-summary\BusinessSummaryMacroPositionCard.jsx | hooks\useBusinessSummary.js,implemented_contract_not_documented_in_brief
business-summary,product_based,add_implemented_output_contract_to_brief,add_to_v5_module_brief,P1,Implemented output contract exists in code but is not documented in v5.0 brief.,hooks\useBusinessSummary.js,implemented_contract_not_documented_in_brief
business-summary,ready,add_implemented_output_contract_to_brief,add_to_v5_module_brief,P1,Implemented output contract exists in code but is not documented in v5.0 brief.,hooks\useBusinessSummary.js | lib\selectors\businessSummarySelectors.js,implemented_contract_not_documented_in_brief
business-summary,recovery_hours_used,add_implemented_output_contract_to_brief,add_to_v5_module_brief,P1,Implemented output contract exists in code but is not documented in v5.0 brief.,hooks\useBusinessSummary.js | lib\selectors\businessSummarySelectors.js,implemented_contract_not_documented_in_brief
business-summary,total_available_hours_before_productivity,add_implemented_output_contract_to_brief,add_to_v5_module_brief,P1,Implemented output contract exists in code but is not documented in v5.0 brief.,hooks\useBusinessSummary.js,implemented_contract_not_documented_in_brief
business-summary,total_recovery_hours,add_implemented_output_contract_to_brief,add_to_v5_module_brief,P1,Implemented output contract exists in code but is not documented in v5.0 brief.,hooks\useBusinessSummary.js,implemented_contract_not_documented_in_brief
business-summary,total_revenue,add_implemented_output_contract_to_brief,add_to_v5_module_brief,P1,Implemented output contract exists in code but is not documented in v5.0 brief.,hooks\useBusinessSummary.js | lib\selectors\businessSummarySelectors.js,implemented_contract_not_documented_in_brief
business-summary,units_sold_annual,add_implemented_output_contract_to_brief,add_to_v5_module_brief,P1,Implemented output contract exists in code but is not documented in v5.0 brief.,hooks\useBusinessSummary.js | lib\selectors\businessSummarySelectors.js,implemented_contract_not_documented_in_brief
business-summary,weighted_productivity_percent,add_implemented_output_contract_to_brief,add_to_v5_module_brief,P1,Implemented output contract exists in code but is not documented in v5.0 brief.,hooks\useBusinessSummary.js,implemented_contract_not_documented_in_brief
cost-allocation,base_calculation_inputs,add_implemented_output_contract_to_brief,add_to_v5_module_brief,P1,Implemented output contract exists in code but is not documented in v5.0 brief.,hooks\useCostAllocation.js,implemented_contract_not_documented_in_brief
cost-allocation,build_cost_allocation_output_contract,add_implemented_output_contract_to_brief,add_to_v5_module_brief,P1,Implemented output contract exists in code but is not documented in v5.0 brief.,hooks\cost-allocation\useCostAllocationOutputContract.js | hooks\useCostAllocation.js,implemented_contract_not_documented_in_brief
cost-allocation,cost_allocation,add_implemented_output_contract_to_brief,add_to_v5_module_brief,P1,Implemented output contract exists in code but is not documented in v5.0 brief.,app\recovery-outcome\page.jsx | components\rate-builder\RateBuilderLineCalculator.jsx | hooks\useRecoveryOutcome.js | lib\calculations\recoveryOutcomeCalculations.js | lib\recovery\recoveryRiskWarningSystem.js,implemented_contract_not_documented_in_brief
cost-allocation,cost_allocation_contract,add_implemented_output_contract_to_brief,add_to_v5_module_brief,P1,Implemented output contract exists in code but is not documented in v5.0 brief.,app\recovery-outcome\page.jsx,implemented_contract_not_documented_in_brief
cost-allocation,fallback_recovery_summary,add_implemented_output_contract_to_brief,add_to_v5_module_brief,P1,Implemented output contract exists in code but is not documented in v5.0 brief.,hooks\useCostAllocation.js,implemented_contract_not_documented_in_brief
cost-allocation,output_contract,add_implemented_output_contract_to_brief,add_to_v5_module_brief,P1,Implemented output contract exists in code but is not documented in v5.0 brief.,hooks\useCostAllocation.js | lib\calculations\cost-allocation\costAllocationInputBuilder.js,implemented_contract_not_documented_in_brief
cost-allocation,recovery_hours_used,add_implemented_output_contract_to_brief,add_to_v5_module_brief,P1,Implemented output contract exists in code but is not documented in v5.0 brief.,hooks\useCostAllocation.js,implemented_contract_not_documented_in_brief
cost-allocation,recovery_outputs,add_implemented_output_contract_to_brief,add_to_v5_module_brief,P1,Implemented output contract exists in code but is not documented in v5.0 brief.,lib\calculations\cost-allocation\costAllocationInputBuilder.js,implemented_contract_not_documented_in_brief
cost-allocation,recovery_summary,add_implemented_output_contract_to_brief,add_to_v5_module_brief,P1,Implemented output contract exists in code but is not documented in v5.0 brief.,hooks\useCostAllocation.js | lib\calculations\cost-allocation\costAllocationInputBuilder.js,implemented_contract_not_documented_in_brief
cost-summary,category_totals,add_implemented_output_contract_to_brief,add_to_v5_module_brief,P1,Implemented output contract exists in code but is not documented in v5.0 brief.,hooks\useCostSummary.js,implemented_contract_not_documented_in_brief
cost-summary,cost_summary,add_implemented_output_contract_to_brief,add_to_v5_module_brief,P1,Implemented output contract exists in code but is not documented in v5.0 brief.,hooks\useBusinessSummary.js | hooks\useQuoteEngine.js | hooks\useRevenueSummary.js | lib\audit\buildLiveAuditSnapshotExport.js,implemented_contract_not_documented_in_brief
cost-summary,cost_summary_output_contract,add_implemented_output_contract_to_brief,add_to_v5_module_brief,P1,Implemented output contract exists in code but is not documented in v5.0 brief.,hooks\useBusinessSummary.js | hooks\useQuoteEngine.js | lib\calculations\quoteEngineCalculations.js,implemented_contract_not_documented_in_brief
cost-summary,cost_summary_outputs,add_implemented_output_contract_to_brief,add_to_v5_module_brief,P1,Implemented output contract exists in code but is not documented in v5.0 brief.,hooks\useRevenueSummary.js,implemented_contract_not_documented_in_brief
cost-summary,cost_summary_ready,add_implemented_output_contract_to_brief,add_to_v5_module_brief,P1,Implemented output contract exists in code but is not documented in v5.0 brief.,hooks\useBusinessSummary.js | lib\selectors\businessSummarySelectors.js,implemented_contract_not_documented_in_brief | readiness_field
cost-summary,employer_contribution_totals,add_implemented_output_contract_to_brief,add_to_v5_module_brief,P1,Implemented output contract exists in code but is not documented in v5.0 brief.,hooks\useCostSummary.js,implemented_contract_not_documented_in_brief
cost-summary,entitlement_totals,add_implemented_output_contract_to_brief,add_to_v5_module_brief,P1,Implemented output contract exists in code but is not documented in v5.0 brief.,hooks\useCostSummary.js,implemented_contract_not_documented_in_brief
cost-summary,finance_cost_annual,add_implemented_output_contract_to_brief,add_to_v5_module_brief,P1,Implemented output contract exists in code but is not documented in v5.0 brief.,hooks\useCostSummary.js,implemented_contract_not_documented_in_brief
cost-summary,legacy_display,add_implemented_output_contract_to_brief,add_to_v5_module_brief,P1,Implemented output contract exists in code but is not documented in v5.0 brief.,hooks\useCostSummary.js,implemented_contract_not_documented_in_brief
cost-summary,output_contract,add_implemented_output_contract_to_brief,add_to_v5_module_brief,P1,Implemented output contract exists in code but is not documented in v5.0 brief.,hooks\useCostSummary.js | lib\selectors\costSummarySelectors.js,implemented_contract_not_documented_in_brief
cost-summary,required_recovery_rate,add_implemented_output_contract_to_brief,add_to_v5_module_brief,P1,Implemented output contract exists in code but is not documented in v5.0 brief.,hooks\useBusinessModelling.js | hooks\useBusinessSummary.js | lib\calculations\quoteEngineCalculations.js | lib\recovery\recoveryRiskWarningSystem.js | lib\selectors\quoteEngineSelectors.js,implemented_contract_not_documented_in_brief
cost-summary,running_cost_annual,add_implemented_output_contract_to_brief,add_to_v5_module_brief,P1,Implemented output contract exists in code but is not documented in v5.0 brief.,hooks\useCostSummary.js,implemented_contract_not_documented_in_brief
cost-summary,total_available_hours_before_productivity,add_implemented_output_contract_to_brief,add_to_v5_module_brief,P1,Implemented output contract exists in code but is not documented in v5.0 brief.,lib\selectors\costSummarySelectors.js,implemented_contract_not_documented_in_brief
cost-summary,total_business_cost_annual,add_implemented_output_contract_to_brief,add_to_v5_module_brief,P1,Implemented output contract exists in code but is not documented in v5.0 brief.,hooks\useCostSummary.js,implemented_contract_not_documented_in_brief
cost-summary,total_people_cost_annual,add_implemented_output_contract_to_brief,add_to_v5_module_brief,P1,Implemented output contract exists in code but is not documented in v5.0 brief.,hooks\useBusinessSummary.js | hooks\useCostSummary.js | hooks\useRevenueReality.js | lib\audit\buildLiveAuditSnapshotExport.js | lib\calculations\quoteEngineCalculations.js | lib\calculations\recoverySummaryCalculations.js,implemented_contract_not_documented_in_brief
cost-summary,total_recovery_hours,add_implemented_output_contract_to_brief,add_to_v5_module_brief,P1,Implemented output contract exists in code but is not documented in v5.0 brief.,lib\selectors\costSummarySelectors.js,implemented_contract_not_documented_in_brief
cost-summary,weighted_productivity_percent,add_implemented_output_contract_to_brief,add_to_v5_module_brief,P1,Implemented output contract exists in code but is not documented in v5.0 brief.,hooks\useCostSummary.js | lib\selectors\costSummarySelectors.js,implemented_contract_not_documented_in_brief
general-overheads,actions,add_implemented_output_contract_to_brief,add_to_v5_module_brief,P1,Implemented output contract exists in code but is not documented in v5.0 brief.,hooks\useGeneralOverheads.js,implemented_contract_not_documented_in_brief
general-overheads,allocation_outputs,add_implemented_output_contract_to_brief,add_to_v5_module_brief,P1,Implemented output contract exists in code but is not documented in v5.0 brief.,hooks\useGeneralOverheads.js,implemented_contract_not_documented_in_brief
general-overheads,build_general_overhead_allocation_outputs,add_implemented_output_contract_to_brief,add_to_v5_module_brief,P1,Implemented output contract exists in code but is not documented in v5.0 brief.,hooks\useGeneralOverheads.js,implemented_contract_not_documented_in_brief
general-overheads,current_overhead_state,add_implemented_output_contract_to_brief,add_to_v5_module_brief,P1,Implemented output contract exists in code but is not documented in v5.0 brief.,hooks\useGeneralOverheads.js,implemented_contract_not_documented_in_brief
general-overheads,employee_overheads_benchmark_total,add_implemented_output_contract_to_brief,add_to_v5_module_brief,P1,Implemented output contract exists in code but is not documented in v5.0 brief.,lib\reconciliation\reconciliationRules.js,implemented_contract_not_documented_in_brief
general-overheads,employee_overheads_check,add_implemented_output_contract_to_brief,add_to_v5_module_brief,P1,Implemented output contract exists in code but is not documented in v5.0 brief.,lib\reconciliation\reconciliationRules.js,implemented_contract_not_documented_in_brief
general-overheads,employee_overheads_lines,add_implemented_output_contract_to_brief,add_to_v5_module_brief,P1,Implemented output contract exists in code but is not documented in v5.0 brief.,lib\reconciliation\reconciliationRules.js,implemented_contract_not_documented_in_brief
general-overheads,general_overheads,add_implemented_output_contract_to_brief,add_to_v5_module_brief,P1,Implemented output contract exists in code but is not documented in v5.0 brief.,app\cost-summary\page.jsx | components\model-readiness\ModelReadinessAuditPanel.jsx | hooks\useBusinessSummary.js | hooks\useCostSummary.js | hooks\useQuoteEngine.js | hooks\useRecoverySummary.js,implemented_contract_not_documented_in_brief
general-overheads,general_overheads_output,add_implemented_output_contract_to_brief,add_to_v5_module_brief,P1,Implemented output contract exists in code but is not documented in v5.0 brief.,components\model-readiness\ModelReadinessAuditPanel.jsx,implemented_contract_not_documented_in_brief
general-overheads,general_overheads_output_contract,add_implemented_output_contract_to_brief,add_to_v5_module_brief,P1,Implemented output contract exists in code but is not documented in v5.0 brief.,hooks\useCostSummary.js | lib\reconciliation\moduleReconciliation.js | lib\reconciliation\reconciliationRules.js,implemented_contract_not_documented_in_brief
general-overheads,general_overheads_outputs,add_implemented_output_contract_to_brief,add_to_v5_module_brief,P1,Implemented output contract exists in code but is not documented in v5.0 brief.,hooks\useRecoverySummary.js,implemented_contract_not_documented_in_brief
general-overheads,grouped_overhead_rows,add_implemented_output_contract_to_brief,add_to_v5_module_brief,P1,Implemented output contract exists in code but is not documented in v5.0 brief.,components\general-overheads\GeneralOverheadSummaryCard.jsx | lib\selectors\general-overheads\generalOverheadCardSelector.js,implemented_contract_not_documented_in_brief
general-overheads,grouped_summary,add_implemented_output_contract_to_brief,add_to_v5_module_brief,P1,Implemented output contract exists in code but is not documented in v5.0 brief.,lib\selectors\general-overheads\generalOverheadCardSelector.js,implemented_contract_not_documented_in_brief
general-overheads,is_hydrated,add_implemented_output_contract_to_brief,add_to_v5_module_brief,P1,Implemented output contract exists in code but is not documented in v5.0 brief.,hooks\useGeneralOverheads.js,implemented_contract_not_documented_in_brief | readiness_field
general-overheads,operating_expense_lines,add_implemented_output_contract_to_brief,add_to_v5_module_brief,P1,Implemented output contract exists in code but is not documented in v5.0 brief.,hooks\useGeneralOverheads.js,implemented_contract_not_documented_in_brief
general-overheads,output_contract,add_implemented_output_contract_to_brief,add_to_v5_module_brief,P1,Implemented output contract exists in code but is not documented in v5.0 brief.,components\general-overheads\GeneralOverheadSummaryCard.jsx | hooks\useGeneralOverheads.js | lib\selectors\general-overheads\generalOverheadCardSelector.js,implemented_contract_not_documented_in_brief
general-overheads,overhead_rows,add_implemented_output_contract_to_brief,add_to_v5_module_brief,P1,Implemented output contract exists in code but is not documented in v5.0 brief.,components\general-overheads\GeneralOverheadSummaryCard.jsx | hooks\useCostSummary.js,implemented_contract_not_documented_in_brief
general-overheads,overhead_state,add_implemented_output_contract_to_brief,add_to_v5_module_brief,P1,Implemented output contract exists in code but is not documented in v5.0 brief.,hooks\useGeneralOverheads.js | lib\selectors\general-overheads\generalOverheadCardSelector.js,implemented_contract_not_documented_in_brief
general-overheads,pool_key,add_implemented_output_contract_to_brief,add_to_v5_module_brief,P1,Implemented output contract exists in code but is not documented in v5.0 brief.,components\general-overheads\GeneralOverheadSummaryCard.jsx,implemented_contract_not_documented_in_brief
general-overheads,system_allocation_amount_overrides,add_implemented_output_contract_to_brief,add_to_v5_module_brief,P1,Implemented output contract exists in code but is not documented in v5.0 brief.,hooks\useGeneralOverheads.js,implemented_contract_not_documented_in_brief
labour,active_staff,add_implemented_output_contract_to_brief,add_to_v5_module_brief,P1,Implemented output contract exists in code but is not documented in v5.0 brief.,hooks\useCostSummary.js | lib\calculations\cost-allocation\costAllocationLabourAdapter.js | lib\calculations\cost-allocation\costAllocationValidation.js | lib\calculations\costAllocationRules.js | lib\selectors\costSummarySelectors.js,implemented_contract_not_documented_in_brief
labour,all_labour_type_rows,add_implemented_output_contract_to_brief,add_to_v5_module_brief,P1,Implemented output contract exists in code but is not documented in v5.0 brief.,hooks\useCostAllocation.js,implemented_contract_not_documented_in_brief
labour,build_active_labour_rate_model_for_calculation,add_implemented_output_contract_to_brief,add_to_v5_module_brief,P1,Implemented output contract exists in code but is not documented in v5.0 brief.,hooks\rate-builder\useRateBuilderLabourRates.js,implemented_contract_not_documented_in_brief
labour,build_all_labour_type_rows,add_implemented_output_contract_to_brief,add_to_v5_module_brief,P1,Implemented output contract exists in code but is not documented in v5.0 brief.,hooks\useCostAllocation.js | lib\calculations\cost-allocation\costAllocationLabourAdapter.js,implemented_contract_not_documented_in_brief
labour,build_cost_allocation_output_contract,add_implemented_output_contract_to_brief,add_to_v5_module_brief,P1,Implemented output contract exists in code but is not documented in v5.0 brief.,hooks\rate-builder\useRateBuilderLabourRates.js | lib\selectors\rate-builder\rateBuilderLabourModelSelectors.js,implemented_contract_not_documented_in_brief
labour,build_labour_rate_result_metrics,add_implemented_output_contract_to_brief,add_to_v5_module_brief,P1,Implemented output contract exists in code but is not documented in v5.0 brief.,hooks\rate-builder\useRateBuilderLabourRates.js,implemented_contract_not_documented_in_brief
labour,build_labour_type_rows_by_class,add_implemented_output_contract_to_brief,add_to_v5_module_brief,P1,Implemented output contract exists in code but is not documented in v5.0 brief.,lib\calculations\cost-allocation\costAllocationLabourAdapter.js,implemented_contract_not_documented_in_brief
labour,build_productive_labour_type_rows,add_implemented_output_contract_to_brief,add_to_v5_module_brief,P1,Implemented output contract exists in code but is not documented in v5.0 brief.,hooks\useCostAllocation.js | lib\calculations\cost-allocation\costAllocationLabourAdapter.js,implemented_contract_not_documented_in_brief
labour,build_support_labour_type_rows,add_implemented_output_contract_to_brief,add_to_v5_module_brief,P1,Implemented output contract exists in code but is not documented in v5.0 brief.,hooks\useCostAllocation.js | lib\calculations\cost-allocation\costAllocationLabourAdapter.js,implemented_contract_not_documented_in_brief
labour,cost_allocation,add_implemented_output_contract_to_brief,add_to_v5_module_brief,P1,Implemented output contract exists in code but is not documented in v5.0 brief.,hooks\rate-builder\useRateBuilderLabourRates.js | lib\selectors\rate-builder\rateBuilderLabourModelSelectors.js,implemented_contract_not_documented_in_brief
labour,cost_allocation_output_contract,add_implemented_output_contract_to_brief,add_to_v5_module_brief,P1,Implemented output contract exists in code but is not documented in v5.0 brief.,hooks\rate-builder\useRateBuilderLabourRates.js,implemented_contract_not_documented_in_brief
labour,expected_labour_margin_percent,add_implemented_output_contract_to_brief,add_to_v5_module_brief,P1,Implemented output contract exists in code but is not documented in v5.0 brief.,lib\selectors\quickStartSelectors.js | lib\storage\quickStartStorage.js,implemented_contract_not_documented_in_brief
labour,get_nested_value,add_implemented_output_contract_to_brief,add_to_v5_module_brief,P1,Implemented output contract exists in code but is not documented in v5.0 brief.,lib\selectors\rate-builder\rateBuilderLabourSourceSelectors.js,implemented_contract_not_documented_in_brief
labour,is_labour_based,add_implemented_output_contract_to_brief,add_to_v5_module_brief,P1,Implemented output contract exists in code but is not documented in v5.0 brief.,app\business-summary\page.jsx | components\business-summary\BusinessSummaryCard.jsx | components\business-summary\BusinessSummaryHierarchyBuilder.js | hooks\useBusinessSummary.js | hooks\useRecoverySummary.js | hooks\useRevenueReality.js | lib\calculations\businessSummaryCalculations.js | lib\calculations\recoverySummaryCalculations.js | lib\calculations\revenueRealityCalculations.js | lib\selectors\businessSummarySelectors.js | lib\selectors\recoverySummarySelectors.js,implemented_contract_not_documented_in_brief | readiness_field
labour,is_labour_reality,add_implemented_output_contract_to_brief,add_to_v5_module_brief,P1,Implemented output contract exists in code but is not documented in v5.0 brief.,components\quick-start\QuickStartMainCard.jsx | lib\selectors\quickStartSelectors.js,implemented_contract_not_documented_in_brief | readiness_field
labour,labour,add_implemented_output_contract_to_brief,add_to_v5_module_brief,P1,Implemented output contract exists in code but is not documented in v5.0 brief.,app\cost-summary\page.jsx | hooks\useBusinessSummary.js | hooks\useQuoteEngine.js | hooks\useRecoverySummary.js,implemented_contract_not_documented_in_brief
labour,labour_based,add_implemented_output_contract_to_brief,add_to_v5_module_brief,P1,Implemented output contract exists in code but is not documented in v5.0 brief.,hooks\useRevenueReality.js | lib\calculations\recoverySummaryCalculations.js,implemented_contract_not_documented_in_brief
labour,labour_data,add_implemented_output_contract_to_brief,add_to_v5_module_brief,P1,Implemented output contract exists in code but is not documented in v5.0 brief.,hooks\useCostSummary.js,implemented_contract_not_documented_in_brief
labour,labour_hours,add_implemented_output_contract_to_brief,add_to_v5_module_brief,P1,Implemented output contract exists in code but is not documented in v5.0 brief.,lib\selectors\quickStartSelectors.js | lib\storage\quickStartStorage.js,implemented_contract_not_documented_in_brief
labour,labour_output,add_implemented_output_contract_to_brief,add_to_v5_module_brief,P1,Implemented output contract exists in code but is not documented in v5.0 brief.,components\model-readiness\ModelReadinessAuditPanel.jsx | hooks\rate-builder\useRateBuilderLabourRates.js,implemented_contract_not_documented_in_brief
labour,labour_output_contract,add_implemented_output_contract_to_brief,add_to_v5_module_brief,P1,Implemented output contract exists in code but is not documented in v5.0 brief.,hooks\useCostSummary.js | hooks\useQuoteEngine.js | hooks\useRevenueReality.js | lib\calculations\cost-allocation\costAllocationLabourAdapter.js | lib\calculations\quoteEngineCalculations.js | lib\reconciliation\moduleReconciliation.js | lib\reconciliation\reconciliationRules.js,implemented_contract_not_documented_in_brief
labour,labour_outputs,add_implemented_output_contract_to_brief,add_to_v5_module_brief,P1,Implemented output contract exists in code but is not documented in v5.0 brief.,hooks\useRecoverySummary.js | lib\reconciliation\moduleReconciliation.js | lib\reconciliation\reconciliationRules.js,implemented_contract_not_documented_in_brief
labour,labour_pct,add_implemented_output_contract_to_brief,add_to_v5_module_brief,P1,Implemented output contract exists in code but is not documented in v5.0 brief.,lib\selectors\quickStartSelectors.js,implemented_contract_not_documented_in_brief
labour,labour_profiles,add_implemented_output_contract_to_brief,add_to_v5_module_brief,P1,Implemented output contract exists in code but is not documented in v5.0 brief.,hooks\useEmployeeOverheads.js,implemented_contract_not_documented_in_brief
labour,labour_rate,add_implemented_output_contract_to_brief,add_to_v5_module_brief,P1,Implemented output contract exists in code but is not documented in v5.0 brief.,components\labour\ScenarioModelCard.jsx | lib\calculations\quickStartCalculations.js | lib\selectors\labour\labourStatusSelectors.js | lib\selectors\quickStartSelectors.js | lib\storage\labourRateRealityCheckStorage.js | lib\storage\labourStorage.js | lib\storage\quickStartStorage.js,implemented_contract_not_documented_in_brief
labour,labour_rate_reality_check,add_implemented_output_contract_to_brief,add_to_v5_module_brief,P1,Implemented output contract exists in code but is not documented in v5.0 brief.,lib\selectors\quickStartSelectors.js,implemented_contract_not_documented_in_brief
labour,labour_value,add_implemented_output_contract_to_brief,add_to_v5_module_brief,P1,Implemented output contract exists in code but is not documented in v5.0 brief.,lib\selectors\quickStartSelectors.js,implemented_contract_not_documented_in_brief
labour,output_contract,add_implemented_output_contract_to_brief,add_to_v5_module_brief,P1,Implemented output contract exists in code but is not documented in v5.0 brief.,components\labour\LabourCompactWorkspaceCard.jsx | hooks\useLabour.js | lib\selectors\rate-builder\rateBuilderLabourModelSelectors.js | lib\selectors\rate-builder\rateBuilderLabourSourceSelectors.js,implemented_contract_not_documented_in_brief
labour,productive_hours,add_implemented_output_contract_to_brief,add_to_v5_module_brief,P1,Implemented output contract exists in code but is not documented in v5.0 brief.,hooks\cost-allocation\useCostAllocationGroupRecoveryRows.js | lib\reconciliation\reconciliationRules.js | lib\selectors\labour\labourStatusSelectors.js,implemented_contract_not_documented_in_brief
labour,productive_labour_type_rows,add_implemented_output_contract_to_brief,add_to_v5_module_brief,P1,Implemented output contract exists in code but is not documented in v5.0 brief.,hooks\useCostAllocation.js,implemented_contract_not_documented_in_brief
labour,productive_labour_types,add_implemented_output_contract_to_brief,add_to_v5_module_brief,P1,Implemented output contract exists in code but is not documented in v5.0 brief.,hooks\useCostSummary.js,implemented_contract_not_documented_in_brief
labour,productive_rows,add_implemented_output_contract_to_brief,add_to_v5_module_brief,P1,Implemented output contract exists in code but is not documented in v5.0 brief.,lib\calculations\cost-allocation\costAllocationLabourAdapter.js,implemented_contract_not_documented_in_brief
labour,productive_staff_type_rate_warnings,add_implemented_output_contract_to_brief,add_to_v5_module_brief,P1,Implemented output contract exists in code but is not documented in v5.0 brief.,components\labour\LabourCompactWorkspaceCard.jsx | components\labour\ProductiveStaffTypeRatesPanel.jsx | lib\calculations\labourCalculations.js | lib\selectors\labour\labourOutputContractSelectors.js,implemented_contract_not_documented_in_brief | warnings_field
labour,profile_rows,add_implemented_output_contract_to_brief,add_to_v5_module_brief,P1,Implemented output contract exists in code but is not documented in v5.0 brief.,hooks\useLabour.js,implemented_contract_not_documented_in_brief
labour,rate_builder_labour_recovery_rows,add_implemented_output_contract_to_brief,add_to_v5_module_brief,P1,Implemented output contract exists in code but is not documented in v5.0 brief.,hooks\useCostAllocation.js | lib\selectors\rate-builder\rateBuilderLabourSourceSelectors.js,implemented_contract_not_documented_in_brief
labour,recovery_plan,add_implemented_output_contract_to_brief,add_to_v5_module_brief,P1,Implemented output contract exists in code but is not documented in v5.0 brief.,lib\selectors\rate-builder\rateBuilderLabourModelSelectors.js | lib\selectors\rate-builder\rateBuilderLabourSourceSelectors.js,implemented_contract_not_documented_in_brief
labour,required_labour_burden_rate,add_implemented_output_contract_to_brief,add_to_v5_module_brief,P1,Implemented output contract exists in code but is not documented in v5.0 brief.,app\business-summary\page.jsx | hooks\useBusinessSummary.js,implemented_contract_not_documented_in_brief
labour,required_labour_class,add_implemented_output_contract_to_brief,add_to_v5_module_brief,P1,Implemented output contract exists in code but is not documented in v5.0 brief.,lib\calculations\cost-allocation\costAllocationLabourAdapter.js,implemented_contract_not_documented_in_brief
labour,safe_array,add_implemented_output_contract_to_brief,add_to_v5_module_brief,P1,Implemented output contract exists in code but is not documented in v5.0 brief.,lib\calculations\cost-allocation\costAllocationLabourAdapter.js,implemented_contract_not_documented_in_brief
labour,support_labour_type_rows,add_implemented_output_contract_to_brief,add_to_v5_module_brief,P1,Implemented output contract exists in code but is not documented in v5.0 brief.,hooks\useCostAllocation.js,implemented_contract_not_documented_in_brief
labour,support_rows,add_implemented_output_contract_to_brief,add_to_v5_module_brief,P1,Implemented output contract exists in code but is not documented in v5.0 brief.,lib\calculations\cost-allocation\costAllocationLabourAdapter.js,implemented_contract_not_documented_in_brief
labour,total_productive_paid_hours,add_implemented_output_contract_to_brief,add_to_v5_module_brief,P1,Implemented output contract exists in code but is not documented in v5.0 brief.,components\labour\LabourCompactWorkspaceCard.jsx | components\labour\ProductiveStaffTypeRatesPanel.jsx,implemented_contract_not_documented_in_brief
labour,total_staff_recovery_hours,add_implemented_output_contract_to_brief,add_to_v5_module_brief,P1,Implemented output contract exists in code but is not documented in v5.0 brief.,hooks\useBusinessSummary.js | lib\selectors\costSummarySelectors.js,implemented_contract_not_documented_in_brief
labour,weighted_all_productive_productivity_percent,add_implemented_output_contract_to_brief,add_to_v5_module_brief,P1,Implemented output contract exists in code but is not documented in v5.0 brief.,components\labour\LabourCompactWorkspaceCard.jsx,implemented_contract_not_documented_in_brief
model-readiness,model_readiness,add_implemented_output_contract_to_brief,add_to_v5_module_brief,P1,Implemented output contract exists in code but is not documented in v5.0 brief.,app\cost-summary\page.jsx | hooks\useBusinessSummary.js | hooks\useCostSummary.js | hooks\useQuoteEngine.js | hooks\useRecoverySummary.js | lib\selectors\costSummarySelectors.js,implemented_contract_not_documented_in_brief
model-readiness,model_readiness_status,add_implemented_output_contract_to_brief,add_to_v5_module_brief,P1,Implemented output contract exists in code but is not documented in v5.0 brief.,app\business-summary\page.jsx | app\cost-summary\page.jsx | app\dev\model-readiness\page.jsx | app\model-readiness\page.jsx | app\quote-engine\page.jsx | components\cost-summary\CostSummaryStatusStrip.jsx | components\model-readiness\ModelReadinessAuditPanel.jsx | components\model-readiness\ModelReadinessStatusStrip.jsx | components\quote-engine\QuoteEngineStatusStrip.jsx | hooks\useBusinessSummary.js | hooks\useCostSummary.js | hooks\useQuoteEngine.js | lib\calculations\modelReadinessCalculations.js | lib\calculations\quoteEngineCalculations.js | lib\selectors\costSummarySelectors.js | lib\selectors\quoteEngineSelectors.js,implemented_contract_not_documented_in_brief | status_field
model-readiness,model_ready,add_implemented_output_contract_to_brief,add_to_v5_module_brief,P1,Implemented output contract exists in code but is not documented in v5.0 brief.,app\cost-summary\page.jsx | app\dev\model-readiness\page.jsx | app\model-readiness\page.jsx | app\quote-engine\page.jsx | components\cost-summary\CostSummaryStatusStrip.jsx | components\model-readiness\ModelReadinessAuditPanel.jsx | components\model-readiness\ModelReadinessStatusStrip.jsx | hooks\useBusinessSummary.js | hooks\useCostSummary.js | hooks\useQuoteEngine.js | lib\calculations\modelReadinessCalculations.js | lib\calculations\quoteEngineCalculations.js | lib\selectors\costSummarySelectors.js | lib\selectors\quoteEngineSelectors.js,implemented_contract_not_documented_in_brief | readiness_field
model-readiness,model_trust_state,add_implemented_output_contract_to_brief,add_to_v5_module_brief,P1,Implemented output contract exists in code but is not documented in v5.0 brief.,app\business-modelling\page.jsx | app\quote-engine\page.jsx | components\business-modelling\BusinessModellingBaselineCard.jsx | components\quote-engine\QuoteEngineStatusStrip.jsx | hooks\useBusinessModelling.js | hooks\useBusinessSummary.js | hooks\useQuoteEngine.js | hooks\useRecoverySummary.js | lib\calculations\businessModellingCalculations.js | lib\calculations\cost-allocation\costAllocationInputBuilder.js | lib\calculations\quoteEngineCalculations.js | lib\calculations\recoveryOutcomeCalculations.js | lib\calculations\recoverySummaryCalculations.js | lib\selectors\businessModellingSelectors.js | lib\selectors\businessSummarySelectors.js | lib\selectors\quoteEngineSelectors.js | lib\selectors\recoveryOutcomeSelectors.js | lib\selectors\recoverySummarySelectors.js,implemented_contract_not_documented_in_brief | trust_state_field
model-readiness,output_contract,add_implemented_output_contract_to_brief,add_to_v5_module_brief,P1,Implemented output contract exists in code but is not documented in v5.0 brief.,components\model-readiness\ModelReadinessAuditPanel.jsx,implemented_contract_not_documented_in_brief
model-readiness,quote_model_trust_state,add_implemented_output_contract_to_brief,add_to_v5_module_brief,P1,Implemented output contract exists in code but is not documented in v5.0 brief.,hooks\useQuoteEngine.js | lib\calculations\quoteEngineCalculations.js | lib\selectors\quoteEngineSelectors.js,implemented_contract_not_documented_in_brief | trust_state_field
module-reconciliation,acc_work_levy_annual,add_implemented_output_contract_to_brief,add_to_v5_module_brief,P1,Implemented output contract exists in code but is not documented in v5.0 brief.,lib\reconciliation\reconciliationRules.js,implemented_contract_not_documented_in_brief
module-reconciliation,finance_cost_annual,add_implemented_output_contract_to_brief,add_to_v5_module_brief,P1,Implemented output contract exists in code but is not documented in v5.0 brief.,lib\reconciliation\reconciliationRules.js,implemented_contract_not_documented_in_brief
module-reconciliation,has_legacy_running_cost,add_implemented_output_contract_to_brief,add_to_v5_module_brief,P1,Implemented output contract exists in code but is not documented in v5.0 brief.,lib\reconciliation\reconciliationRules.js,implemented_contract_not_documented_in_brief
module-reconciliation,is_ready,add_implemented_output_contract_to_brief,add_to_v5_module_brief,P1,Implemented output contract exists in code but is not documented in v5.0 brief.,lib\reconciliation\reconciliationRules.js,implemented_contract_not_documented_in_brief | readiness_field
module-reconciliation,legacy_running_cost_check,add_implemented_output_contract_to_brief,add_to_v5_module_brief,P1,Implemented output contract exists in code but is not documented in v5.0 brief.,lib\reconciliation\reconciliationRules.js,implemented_contract_not_documented_in_brief
module-reconciliation,output_contract,add_implemented_output_contract_to_brief,add_to_v5_module_brief,P1,Implemented output contract exists in code but is not documented in v5.0 brief.,hooks\useModuleReconciliation.js | lib\reconciliation\moduleReconciliation.js,implemented_contract_not_documented_in_brief
module-reconciliation,running_cost_annual,add_implemented_output_contract_to_brief,add_to_v5_module_brief,P1,Implemented output contract exists in code but is not documented in v5.0 brief.,lib\reconciliation\reconciliationRules.js,implemented_contract_not_documented_in_brief
module-reconciliation,total_acc_levy_annual,add_implemented_output_contract_to_brief,add_to_v5_module_brief,P1,Implemented output contract exists in code but is not documented in v5.0 brief.,lib\reconciliation\moduleReconciliation.js | lib\reconciliation\reconciliationRules.js,implemented_contract_not_documented_in_brief
module-reconciliation,total_business_costs,add_implemented_output_contract_to_brief,add_to_v5_module_brief,P1,Implemented output contract exists in code but is not documented in v5.0 brief.,lib\reconciliation\reconciliationRules.js,implemented_contract_not_documented_in_brief
module-reconciliation,total_other_income,add_implemented_output_contract_to_brief,add_to_v5_module_brief,P1,Implemented output contract exists in code but is not documented in v5.0 brief.,lib\reconciliation\reconciliationRules.js,implemented_contract_not_documented_in_brief
module-reconciliation,unassigned_balance,add_implemented_output_contract_to_brief,add_to_v5_module_brief,P1,Implemented output contract exists in code but is not documented in v5.0 brief.,lib\reconciliation\reconciliationRules.js,implemented_contract_not_documented_in_brief
opening-hours,macro_required_operating_hour_rate,add_implemented_output_contract_to_brief,add_to_v5_module_brief,P1,Implemented output contract exists in code but is not documented in v5.0 brief.,app\business-summary\page.jsx | app\cost-summary\page.jsx | components\business-summary\BusinessSummaryCard.jsx | components\business-summary\BusinessSummaryStatusStrip.jsx | components\cost-summary\CostSummaryCard.jsx | components\cost-summary\CostSummaryStatusStrip.jsx | hooks\useBusinessSummary.js | hooks\useCostSummary.js | lib\calculations\costSummaryCalculations.js | lib\selectors\businessSummarySelectors.js | lib\selectors\costSummarySelectors.js,implemented_contract_not_documented_in_brief
opening-hours,net_annual_business_open_hours,add_implemented_output_contract_to_brief,add_to_v5_module_brief,P1,Implemented output contract exists in code but is not documented in v5.0 brief.,components\business-summary\BusinessSummaryStatusStrip.jsx | hooks\useBusinessSummary.js | lib\selectors\openingHoursSelectors.js,implemented_contract_not_documented_in_brief
opening-hours,opening_hours_module,add_implemented_output_contract_to_brief,add_to_v5_module_brief,P1,Implemented output contract exists in code but is not documented in v5.0 brief.,hooks\useCostSummary.js,implemented_contract_not_documented_in_brief
p-and-l,Ready,add_implemented_output_contract_to_brief,add_to_v5_module_brief,P1,Implemented output contract exists in code but is not documented in v5.0 brief.,lib\selectors\profitAndLossSelectors.js,implemented_contract_not_documented_in_brief
p-and-l,assets_benchmark_total,add_implemented_output_contract_to_brief,add_to_v5_module_brief,P1,Implemented output contract exists in code but is not documented in v5.0 brief.,lib\selectors\profitAndLossSelectors.js,implemented_contract_not_documented_in_brief
p-and-l,build_general_overheads_from_pnl,add_implemented_output_contract_to_brief,add_to_v5_module_brief,P1,Implemented output contract exists in code but is not documented in v5.0 brief.,hooks\useGeneralOverheads.js,implemented_contract_not_documented_in_brief
p-and-l,build_pnl_sync_signature,add_implemented_output_contract_to_brief,add_to_v5_module_brief,P1,Implemented output contract exists in code but is not documented in v5.0 brief.,hooks\useGeneralOverheads.js,implemented_contract_not_documented_in_brief
p-and-l,build_reconciliation,add_implemented_output_contract_to_brief,add_to_v5_module_brief,P1,Implemented output contract exists in code but is not documented in v5.0 brief.,lib\selectors\profitAndLossSelectors.js,implemented_contract_not_documented_in_brief
p-and-l,build_unassigned_details,add_implemented_output_contract_to_brief,add_to_v5_module_brief,P1,Implemented output contract exists in code but is not documented in v5.0 brief.,lib\selectors\profitAndLossSelectors.js,implemented_contract_not_documented_in_brief
p-and-l,build_warnings,add_implemented_output_contract_to_brief,add_to_v5_module_brief,P1,Implemented output contract exists in code but is not documented in v5.0 brief.,lib\selectors\profitAndLossSelectors.js,implemented_contract_not_documented_in_brief | warnings_field
p-and-l,direct_cost_category_totals,add_implemented_output_contract_to_brief,add_to_v5_module_brief,P1,Implemented output contract exists in code but is not documented in v5.0 brief.,lib\selectors\profitAndLossSelectors.js,implemented_contract_not_documented_in_brief
p-and-l,employee_overheads_benchmark_total,add_implemented_output_contract_to_brief,add_to_v5_module_brief,P1,Implemented output contract exists in code but is not documented in v5.0 brief.,lib\selectors\profitAndLossSelectors.js,implemented_contract_not_documented_in_brief
p-and-l,excluded_asset_finance_interest_total,add_implemented_output_contract_to_brief,add_to_v5_module_brief,P1,Implemented output contract exists in code but is not documented in v5.0 brief.,lib\selectors\profitAndLossSelectors.js,implemented_contract_not_documented_in_brief
p-and-l,format_number,add_implemented_output_contract_to_brief,add_to_v5_module_brief,P1,Implemented output contract exists in code but is not documented in v5.0 brief.,lib\selectors\profitAndLossSelectors.js,implemented_contract_not_documented_in_brief
p-and-l,general_overheads_benchmark_total,add_implemented_output_contract_to_brief,add_to_v5_module_brief,P1,Implemented output contract exists in code but is not documented in v5.0 brief.,lib\selectors\profitAndLossSelectors.js,implemented_contract_not_documented_in_brief
p-and-l,good,add_implemented_output_contract_to_brief,add_to_v5_module_brief,P1,Implemented output contract exists in code but is not documented in v5.0 brief.,components\p-and-l\ProfitAndLossStatusStrip.jsx | lib\selectors\profitAndLossSelectors.js,implemented_contract_not_documented_in_brief
p-and-l,gross_profit,add_implemented_output_contract_to_brief,add_to_v5_module_brief,P1,Implemented output contract exists in code but is not documented in v5.0 brief.,lib\selectors\profitAndLossSelectors.js,implemented_contract_not_documented_in_brief
p-and-l,hired_equipment_cost,add_implemented_output_contract_to_brief,add_to_v5_module_brief,P1,Implemented output contract exists in code but is not documented in v5.0 brief.,lib\selectors\profitAndLossSelectors.js,implemented_contract_not_documented_in_brief
p-and-l,label,add_implemented_output_contract_to_brief,add_to_v5_module_brief,P1,Implemented output contract exists in code but is not documented in v5.0 brief.,lib\selectors\profitAndLossSelectors.js,implemented_contract_not_documented_in_brief
p-and-l,materials_cost,add_implemented_output_contract_to_brief,add_to_v5_module_brief,P1,Implemented output contract exists in code but is not documented in v5.0 brief.,lib\selectors\profitAndLossSelectors.js,implemented_contract_not_documented_in_brief
p-and-l,model_total_costs,add_implemented_output_contract_to_brief,add_to_v5_module_brief,P1,Implemented output contract exists in code but is not documented in v5.0 brief.,lib\selectors\profitAndLossSelectors.js,implemented_contract_not_documented_in_brief
p-and-l,net_profit,add_implemented_output_contract_to_brief,add_to_v5_module_brief,P1,Implemented output contract exists in code but is not documented in v5.0 brief.,lib\selectors\profitAndLossSelectors.js,implemented_contract_not_documented_in_brief
p-and-l,output_contract,add_implemented_output_contract_to_brief,add_to_v5_module_brief,P1,Implemented output contract exists in code but is not documented in v5.0 brief.,hooks\useProfitAndLoss.js | lib\selectors\profitAndLossSelectors.js,implemented_contract_not_documented_in_brief
p-and-l,pnl_interest_marked_asset_finance_total,add_implemented_output_contract_to_brief,add_to_v5_module_brief,P1,Implemented output contract exists in code but is not documented in v5.0 brief.,lib\reconciliation\reconciliationRules.js | lib\selectors\profitAndLossSelectors.js,implemented_contract_not_documented_in_brief
p-and-l,pnl_interest_total,add_implemented_output_contract_to_brief,add_to_v5_module_brief,P1,Implemented output contract exists in code but is not documented in v5.0 brief.,lib\selectors\profitAndLossSelectors.js,implemented_contract_not_documented_in_brief
p-and-l,pnl_output,add_implemented_output_contract_to_brief,add_to_v5_module_brief,P1,Implemented output contract exists in code but is not documented in v5.0 brief.,components\model-readiness\ModelReadinessAuditPanel.jsx,implemented_contract_not_documented_in_brief
p-and-l,pnl_output_contract,add_implemented_output_contract_to_brief,add_to_v5_module_brief,P1,Implemented output contract exists in code but is not documented in v5.0 brief.,hooks\useAssets.js | hooks\useGeneralOverheads.js | hooks\useRevenueCogs.js | lib\reconciliation\moduleReconciliation.js | lib\reconciliation\reconciliationRules.js,implemented_contract_not_documented_in_brief
p-and-l,pnl_sync_signature,add_implemented_output_contract_to_brief,add_to_v5_module_brief,P1,Implemented output contract exists in code but is not documented in v5.0 brief.,hooks\useGeneralOverheads.js,implemented_contract_not_documented_in_brief
p-and-l,profit_and_loss,add_implemented_output_contract_to_brief,add_to_v5_module_brief,P1,Implemented output contract exists in code but is not documented in v5.0 brief.,components\model-readiness\ModelReadinessAuditPanel.jsx | hooks\useRevenueCogs.js,implemented_contract_not_documented_in_brief
p-and-l,profit_and_loss_ready,add_implemented_output_contract_to_brief,add_to_v5_module_brief,P1,Implemented output contract exists in code but is not documented in v5.0 brief.,lib\reconciliation\reconciliationRules.js,implemented_contract_not_documented_in_brief | readiness_field
p-and-l,profit_and_loss_state,add_implemented_output_contract_to_brief,add_to_v5_module_brief,P1,Implemented output contract exists in code but is not documented in v5.0 brief.,hooks\useGeneralOverheads.js | hooks\useProfitAndLoss.js,implemented_contract_not_documented_in_brief
p-and-l,reconciliation,add_implemented_output_contract_to_brief,add_to_v5_module_brief,P1,Implemented output contract exists in code but is not documented in v5.0 brief.,lib\selectors\profitAndLossSelectors.js,implemented_contract_not_documented_in_brief
p-and-l,state,add_implemented_output_contract_to_brief,add_to_v5_module_brief,P1,Implemented output contract exists in code but is not documented in v5.0 brief.,hooks\useProfitAndLoss.js | lib\storage\profitAndLossProfileStorage.js,implemented_contract_not_documented_in_brief
p-and-l,subcontract_cost,add_implemented_output_contract_to_brief,add_to_v5_module_brief,P1,Implemented output contract exists in code but is not documented in v5.0 brief.,lib\selectors\profitAndLossSelectors.js,implemented_contract_not_documented_in_brief
p-and-l,summary,add_implemented_output_contract_to_brief,add_to_v5_module_brief,P1,Implemented output contract exists in code but is not documented in v5.0 brief.,lib\selectors\profitAndLossSelectors.js,implemented_contract_not_documented_in_brief
p-and-l,tone,add_implemented_output_contract_to_brief,add_to_v5_module_brief,P1,Implemented output contract exists in code but is not documented in v5.0 brief.,components\p-and-l\ProfitAndLossProgressPanel.jsx | lib\selectors\profitAndLossSelectors.js,implemented_contract_not_documented_in_brief
p-and-l,total_assigned_business_costs,add_implemented_output_contract_to_brief,add_to_v5_module_brief,P1,Implemented output contract exists in code but is not documented in v5.0 brief.,lib\selectors\profitAndLossSelectors.js,implemented_contract_not_documented_in_brief
p-and-l,total_business_costs,add_implemented_output_contract_to_brief,add_to_v5_module_brief,P1,Implemented output contract exists in code but is not documented in v5.0 brief.,lib\selectors\profitAndLossSelectors.js,implemented_contract_not_documented_in_brief
p-and-l,total_cogs,add_implemented_output_contract_to_brief,add_to_v5_module_brief,P1,Implemented output contract exists in code but is not documented in v5.0 brief.,lib\selectors\profitAndLossSelectors.js,implemented_contract_not_documented_in_brief
p-and-l,total_cost_of_sales,add_implemented_output_contract_to_brief,add_to_v5_module_brief,P1,Implemented output contract exists in code but is not documented in v5.0 brief.,lib\selectors\profitAndLossSelectors.js,implemented_contract_not_documented_in_brief
p-and-l,total_direct_costs,add_implemented_output_contract_to_brief,add_to_v5_module_brief,P1,Implemented output contract exists in code but is not documented in v5.0 brief.,lib\selectors\profitAndLossSelectors.js,implemented_contract_not_documented_in_brief
p-and-l,total_model_costs,add_implemented_output_contract_to_brief,add_to_v5_module_brief,P1,Implemented output contract exists in code but is not documented in v5.0 brief.,lib\selectors\profitAndLossSelectors.js,implemented_contract_not_documented_in_brief
p-and-l,total_operating_expenses,add_implemented_output_contract_to_brief,add_to_v5_module_brief,P1,Implemented output contract exists in code but is not documented in v5.0 brief.,lib\selectors\profitAndLossSelectors.js,implemented_contract_not_documented_in_brief
p-and-l,total_pnl_costs,add_implemented_output_contract_to_brief,add_to_v5_module_brief,P1,Implemented output contract exists in code but is not documented in v5.0 brief.,lib\selectors\profitAndLossSelectors.js,implemented_contract_not_documented_in_brief
p-and-l,total_revenue,add_implemented_output_contract_to_brief,add_to_v5_module_brief,P1,Implemented output contract exists in code but is not documented in v5.0 brief.,lib\selectors\profitAndLossSelectors.js,implemented_contract_not_documented_in_brief
p-and-l,total_trading_income,add_implemented_output_contract_to_brief,add_to_v5_module_brief,P1,Implemented output contract exists in code but is not documented in v5.0 brief.,lib\selectors\profitAndLossSelectors.js,implemented_contract_not_documented_in_brief
p-and-l,unassigned_balance,add_implemented_output_contract_to_brief,add_to_v5_module_brief,P1,Implemented output contract exists in code but is not documented in v5.0 brief.,lib\selectors\profitAndLossSelectors.js,implemented_contract_not_documented_in_brief
p-and-l,unassigned_details,add_implemented_output_contract_to_brief,add_to_v5_module_brief,P1,Implemented output contract exists in code but is not documented in v5.0 brief.,components\p-and-l\ProfitAndLossMainCard.jsx | lib\selectors\profitAndLossSelectors.js,implemented_contract_not_documented_in_brief
p-and-l,unreviewed_interest_count,add_implemented_output_contract_to_brief,add_to_v5_module_brief,P1,Implemented output contract exists in code but is not documented in v5.0 brief.,lib\selectors\profitAndLossSelectors.js,implemented_contract_not_documented_in_brief
p-and-l,unreviewed_interest_total,add_implemented_output_contract_to_brief,add_to_v5_module_brief,P1,Implemented output contract exists in code but is not documented in v5.0 brief.,lib\selectors\profitAndLossSelectors.js,implemented_contract_not_documented_in_brief
p-and-l,value,add_implemented_output_contract_to_brief,add_to_v5_module_brief,P1,Implemented output contract exists in code but is not documented in v5.0 brief.,lib\selectors\profitAndLossSelectors.js,implemented_contract_not_documented_in_brief
p-and-l,variance,add_implemented_output_contract_to_brief,add_to_v5_module_brief,P1,Implemented output contract exists in code but is not documented in v5.0 brief.,lib\selectors\profitAndLossSelectors.js,implemented_contract_not_documented_in_brief
p-and-l,warn,add_implemented_output_contract_to_brief,add_to_v5_module_brief,P1,Implemented output contract exists in code but is not documented in v5.0 brief.,components\p-and-l\ProfitAndLossStatusStrip.jsx | lib\selectors\profitAndLossSelectors.js,implemented_contract_not_documented_in_brief
p-and-l,warnings,add_implemented_output_contract_to_brief,add_to_v5_module_brief,P1,Implemented output contract exists in code but is not documented in v5.0 brief.,lib\selectors\profitAndLossSelectors.js,implemented_contract_not_documented_in_brief
rate-builder,group_rows,add_implemented_output_contract_to_brief,add_to_v5_module_brief,P1,Implemented output contract exists in code but is not documented in v5.0 brief.,components\rate-builder\RateBuilderLineCalculator.jsx,implemented_contract_not_documented_in_brief
rate-builder,operational_group_cost_rows,add_implemented_output_contract_to_brief,add_to_v5_module_brief,P1,Implemented output contract exists in code but is not documented in v5.0 brief.,components\rate-builder\RateBuilderLineCalculator.jsx,implemented_contract_not_documented_in_brief
rate-builder,output_contract,add_implemented_output_contract_to_brief,add_to_v5_module_brief,P1,Implemented output contract exists in code but is not documented in v5.0 brief.,components\rate-builder\RateBuilderLineCalculator.jsx,implemented_contract_not_documented_in_brief
recovery-summary,output_contract,add_implemented_output_contract_to_brief,add_to_v5_module_brief,P1,Implemented output contract exists in code but is not documented in v5.0 brief.,hooks\useRecoverySummary.js,implemented_contract_not_documented_in_brief
recovery-summary,recovery_summary,add_implemented_output_contract_to_brief,add_to_v5_module_brief,P1,Implemented output contract exists in code but is not documented in v5.0 brief.,app\recovery-outcome\page.jsx | lib\calculations\recoveryOutcomeCalculations.js | lib\recovery\recoveryRiskWarningSystem.js,implemented_contract_not_documented_in_brief
recovery-summary,recovery_summary_contract,add_implemented_output_contract_to_brief,add_to_v5_module_brief,P1,Implemented output contract exists in code but is not documented in v5.0 brief.,app\recovery-outcome\page.jsx,implemented_contract_not_documented_in_brief
revenue-cogs,business_setup,add_implemented_output_contract_to_brief,add_to_v5_module_brief,P1,Implemented output contract exists in code but is not documented in v5.0 brief.,hooks\useRevenueCogs.js,implemented_contract_not_documented_in_brief
revenue-cogs,business_type,add_implemented_output_contract_to_brief,add_to_v5_module_brief,P1,Implemented output contract exists in code but is not documented in v5.0 brief.,hooks\useRevenueCogs.js,implemented_contract_not_documented_in_brief
revenue-cogs,calculations,add_implemented_output_contract_to_brief,add_to_v5_module_brief,P1,Implemented output contract exists in code but is not documented in v5.0 brief.,hooks\useRevenueCogs.js,implemented_contract_not_documented_in_brief
revenue-cogs,cost_of_sales_lines,add_implemented_output_contract_to_brief,add_to_v5_module_brief,P1,Implemented output contract exists in code but is not documented in v5.0 brief.,hooks\useRevenueCogs.js,implemented_contract_not_documented_in_brief
revenue-cogs,direct_cost_categories,add_implemented_output_contract_to_brief,add_to_v5_module_brief,P1,Implemented output contract exists in code but is not documented in v5.0 brief.,hooks\useRevenueCogs.js,implemented_contract_not_documented_in_brief
revenue-cogs,direct_cost_category_totals,add_implemented_output_contract_to_brief,add_to_v5_module_brief,P1,Implemented output contract exists in code but is not documented in v5.0 brief.,components\business-summary\BusinessSummaryHierarchyBuilder.js | hooks\useBusinessSummary.js | hooks\useRevenueCogs.js,implemented_contract_not_documented_in_brief
revenue-cogs,labour_based,add_implemented_output_contract_to_brief,add_to_v5_module_brief,P1,Implemented output contract exists in code but is not documented in v5.0 brief.,hooks\useRevenueCogs.js,implemented_contract_not_documented_in_brief
revenue-cogs,output_contract,add_implemented_output_contract_to_brief,add_to_v5_module_brief,P1,Implemented output contract exists in code but is not documented in v5.0 brief.,hooks\useRevenueCogs.js,implemented_contract_not_documented_in_brief
revenue-cogs,resolved_commercial_driver_mode,add_implemented_output_contract_to_brief,add_to_v5_module_brief,P1,Implemented output contract exists in code but is not documented in v5.0 brief.,hooks\useRevenueCogs.js | lib\calculations\revenueCogsCalculations.js,implemented_contract_not_documented_in_brief
revenue-cogs,revenue_cogs,add_implemented_output_contract_to_brief,add_to_v5_module_brief,P1,Implemented output contract exists in code but is not documented in v5.0 brief.,hooks\useBusinessSummary.js | hooks\useRecoverySummary.js | hooks\useRevenueReality.js,implemented_contract_not_documented_in_brief
revenue-cogs,revenue_cogs_output_contract,add_implemented_output_contract_to_brief,add_to_v5_module_brief,P1,Implemented output contract exists in code but is not documented in v5.0 brief.,hooks\useBusinessSummary.js | hooks\useRevenueReality.js,implemented_contract_not_documented_in_brief
revenue-cogs,revenue_cogs_outputs,add_implemented_output_contract_to_brief,add_to_v5_module_brief,P1,Implemented output contract exists in code but is not documented in v5.0 brief.,hooks\useRecoverySummary.js,implemented_contract_not_documented_in_brief
revenue-cogs,revenue_cogs_state,add_implemented_output_contract_to_brief,add_to_v5_module_brief,P1,Implemented output contract exists in code but is not documented in v5.0 brief.,hooks\useRevenueCogs.js,implemented_contract_not_documented_in_brief
revenue-reality,business_setup,add_implemented_output_contract_to_brief,add_to_v5_module_brief,P1,Implemented output contract exists in code but is not documented in v5.0 brief.,hooks\useRevenueReality.js,implemented_contract_not_documented_in_brief
revenue-reality,business_type,add_implemented_output_contract_to_brief,add_to_v5_module_brief,P1,Implemented output contract exists in code but is not documented in v5.0 brief.,hooks\useRevenueReality.js | lib\calculations\revenueRealityCalculations.js,implemented_contract_not_documented_in_brief
revenue-reality,calculations,add_implemented_output_contract_to_brief,add_to_v5_module_brief,P1,Implemented output contract exists in code but is not documented in v5.0 brief.,hooks\useRevenueReality.js,implemented_contract_not_documented_in_brief
revenue-reality,is_product_based,add_implemented_output_contract_to_brief,add_to_v5_module_brief,P1,Implemented output contract exists in code but is not documented in v5.0 brief.,hooks\useRevenueReality.js | lib\calculations\revenueRealityCalculations.js,implemented_contract_not_documented_in_brief | readiness_field
revenue-reality,output_contract,add_implemented_output_contract_to_brief,add_to_v5_module_brief,P1,Implemented output contract exists in code but is not documented in v5.0 brief.,hooks\useRevenueReality.js,implemented_contract_not_documented_in_brief
revenue-reality,total_revenue,add_implemented_output_contract_to_brief,add_to_v5_module_brief,P1,Implemented output contract exists in code but is not documented in v5.0 brief.,components\revenue-reality\RevenueRealityStatusStrip.jsx | hooks\useRevenueReality.js | lib\calculations\revenueRealityCalculations.js,implemented_contract_not_documented_in_brief
